Id,Name,Gender,Age,Birthday,Address
8ab5b771-0654-418a-9fc7-f41a503dd2fa,송연우,Female,59,1966-07-01,부산 수영구 46대로 50
65089f52-be40-4fbc-8182-2c677620dd23,고민서,Male,18,2007-01-09,서울 관악구 97로 92
00accfa6-0c5b-46a5-bbcb-a2594fb2fe59,유민,Male,33,1992-09-08,시흥 정왕동 24로 92
8e79b27f-c252-4520-ad1d-0d2f682f6826,송연우,Male,61,1964-09-04,울산 동구 94대로 25
e693cab7-c9ee-4d8d-9f6e-b0b5cfdbbd5e,송연우,Female,84,1941-05-24,서울 송파구 78대로 13
df0dd2d2-549c-4195-99d7-ca49a1544e8f,노윤지,Male,52,1973-09-04,부산 수영구 7길 64
6353c2d4-49db-476d-9a64-27136b49ca5d,신하윤,Male,41,1984-12-01,서울 송파구 85길 71
a3f6caa2-4cf9-4af5-bcd0-41f9840bd660,유하준,Female,60,1965-09-23,대전 유성구 42길 19
70f36395-6f85-4ef8-99f7-a67ca502fa92,김서진,Male,31,1994-06-15,대전 유성구 16대로 74
44fed713-c0d6-4824-b974-38a1e3002429,김지우,Female,76,1949-11-19,울산 동구 51길 28
2f9db1ff-969c-4b2c-8e19-db1706555160,강서연,Male,82,1943-02-01,대전 유성구 67길 98
bfb15b73-588c-4060-bf82-5046e035b812,조주원,Female,60,1965-09-26,서울 관악구 11대로 4
563e4114-7603-4261-a7a8-9788a68648cd,송연우,Female,65,1960-03-22,대전 유성구 92길 43
541dd0be-6d3b-4572-a6cd-4cd91b4fd877,조주원,Male,78,1947-03-22,서울 송파구 9길 45
13efc382-afec-48e4-a29c-5be05edc1d16,위하은,Male,71,1954-07-15,인천 부평구 14대로 72
8747dc18-4a1a-4a3b-a932-b63839472684,위하은,Male,36,1989-02-05,인천 부평구 92로 6
dc8679e8-5009-40d0-8181-fa1420ce1062,조주원,Male,54,1971-08-08,대전 유성구 34로 34
92cbf039-e7b3-4b2a-b149-32ec4e510b93,신하윤,Female,82,1943-10-06,대전 유성구 15로 41
e55a4f41-df6e-417e-93b8-db2292579b8c,신하윤,Male,84,1941-06-12,서울 송파구 92대로 48
fd81e541-14ea-4338-9018-32b0fe9885db,장시우,Female,31,1994-08-05,시흥 정왕동 67길 44
7447e676-6dad-4288-9630-a506eaf54e49,강서연,Male,42,1983-02-01,울산 동구 16로 25
d16af30b-04a8-4062-8360-5e1ca0eadb79,강서연,Female,78,1947-12-12,서울 관악구 28길 79
23913708-ca3f-4657-b918-082259513da5,유하준,Male,13,2012-12-28,인천 부평구 62길 79
96772284-dbd1-40ca-af9e-2b39b9c8f6a8,유민,Male,68,1957-02-03,서울 송파구 92대로 90
13ce83f2-1218-43f6-a075-33715c7a1b5d,안지원,Female,18,2007-09-09,서울 송파구 73대로 16
a0a32a72-ed12-4d71-88b8-58fe26ed0651,장시우,Female,80,1945-11-08,서울 송파구 4대로 20
568a0c59-43b7-4b77-9e2b-49eae3033af8,김서진,Male,48,1977-07-19,서울 송파구 2길 63
72ab3d38-afc4-4515-b191-e1d94aa5c87d,권지유,Male,70,1955-12-18,울산 동구 16길 17
ce958433-2ece-48af-8e4e-f9d42b2c5872,송연우,Male,14,2011-12-07,서울 관악구 53길 43
fc76aca4-8c45-47a8-a66b-f7b8fb2340df,정준우,Female,13,2012-04-11,서울 송파구 96로 60
f64651ee-eb41-4b6d-ae03-44d036cd05c8,신하윤,Female,74,1951-07-20,서울 송파구 84길 56
bd72f019-6f9a-4e73-b9ec-bd1cb2ffed88,한지민,Female,22,2003-01-20,서울 송파구 84대로 11
f31c8949-8fe6-411b-8a2d-8f139b6efae9,유하준,Female,60,1965-02-16,부산 수영구 53길 3
35ccdf73-6e41-465e-8c02-ca2b26b987b7,윤도윤,Female,85,1940-12-22,대전 유성구 76대로 82
1b3a06e3-e7a5-4880-be2e-95dfcc61d739,전서현,Male,15,2010-06-09,대전 유성구 6대로 43
fb7b62b6-bd9f-4dbf-aa53-67dc6b3a6aa2,조주원,Female,76,1949-02-13,울산 동구 19로 43
33c76e1b-b99d-4325-8e84-c09740fca2ab,안지원,Female,32,1993-05-27,서울 관악구 44길 94
d827e80e-9dc5-4313-b6f7-78796358d5f3,고민서,Female,70,1955-05-11,대전 유성구 7길 71
1dee9868-ed78-4c70-b8ab-261b73075e2f,김서진,Female,44,1981-08-20,대전 유성구 58로 54
436a6aea-f8cc-48d3-81e3-bd2febee4b09,박민준,Female,63,1962-02-15,인천 부평구 97대로 28
875e2d1b-52b8-408d-8857-019b258f644d,정준우,Male,83,1942-09-18,부산 수영구 14길 49
d2fc8ff7-54c6-4b6d-9d62-34cd665e372e,서지호,Female,42,1983-09-26,서울 송파구 9로 38
ae80c539-0ecf-4040-ac82-86677b6c81c8,안지원,Female,78,1947-04-09,대전 유성구 96대로 92
236c379e-d9d9-497a-b12b-b6cc0186091a,이서윤,Male,41,1984-04-03,부산 수영구 7로 29
e9a6528c-051e-4f65-87af-39a4eeb15297,위하은,Female,78,1947-05-07,인천 부평구 58길 75
5dc73e7d-3124-4922-b55d-0844836ecdcf,위하은,Female,60,1965-01-12,울산 동구 58로 22
36f12586-070c-42be-abcf-4fbc4412d77f,강서연,Female,70,1955-09-03,인천 부평구 40로 8
d2230dba-00b6-47eb-a7d2-016842481955,김예준,Male,59,1966-05-13,시흥 정왕동 74로 66
dff1df44-2c36-4f76-87b4-839e496abf8b,노윤지,Female,79,1946-11-11,대전 유성구 10대로 87
dd906e23-bf14-4d18-ad9d-b5c82a618dba,윤도윤,Male,35,1990-02-15,부산 수영구 63로 85
4410d159-da67-4085-a914-2df883af67f7,한지민,Female,60,1965-01-15,서울 관악구 4길 35
4d14dea8-7ecd-49ef-addd-fe39ffabe5ef,이서윤,Male,41,1984-09-23,부산 수영구 24길 24
53446a24-5aab-4c7a-946e-e19081471e3c,장시우,Male,26,1999-10-02,서울 송파구 11대로 91
b3df0136-a3bd-479c-8a76-e0e189808b36,임지안,Male,24,2001-04-27,서울 송파구 61대로 54
10b0dd54-b3c5-4ce9-bf7e-4281f56c1d0c,윤도윤,Male,23,2002-12-12,서울 송파구 41로 72
3a85239f-35a1-439c-97b8-edfb46e18535,권지유,Female,85,1940-04-23,대전 유성구 76대로 94
ad775064-9751-47da-ba86-f5ac920a0fbf,유민,Female,21,2004-08-20,인천 부평구 64로 36
5fdec375-49a7-4ff8-b8f3-591b76fd787d,안지원,Female,25,2000-07-01,울산 동구 45길 99
279ef4a5-2b17-4c6f-91d7-c959eb91fe0d,김예준,Female,26,1999-07-22,울산 동구 25길 28
88f5ad7b-6ed3-4b97-8a5c-dcf66cb10d4f,위하은,Female,18,2007-12-24,울산 동구 88길 34
1f7d1eed-93c2-4f48-9a2a-d52d451c97cd,장시우,Male,68,1957-11-15,서울 송파구 95길 37
9346ef26-d4e7-4e09-b0de-5c8dee5b2843,장시우,Female,26,1999-03-09,서울 송파구 35길 58
ab432a2e-503a-406b-950c-363eea39e3cc,조주원,Female,29,1996-10-20,울산 동구 4로 53
16697d54-db18-495e-ad57-6322c2a859ae,이서윤,Female,78,1947-07-02,서울 송파구 79로 39
c6660202-f275-42e3-afb2-96e5e4df6033,조주원,Female,75,1950-11-09,인천 부평구 2대로 94
ed090d76-a429-427f-b5ef-ef4eecc996fb,김예준,Female,11,2014-08-07,서울 송파구 29대로 50
6570ee57-7cc6-42ec-8889-3c3cc3e9b574,서지호,Male,20,2005-09-24,인천 부평구 54길 72
dccdd4de-c239-4595-8bcb-de7fb0530676,윤도윤,Male,71,1954-02-18,부산 수영구 74대로 6
73a38224-4e5a-438f-a385-dbda0d03b915,강서연,Female,79,1946-03-01,서울 송파구 22로 35
b1ce8566-e62c-4b44-85ee-bbc10bc54e04,고민서,Female,15,2010-03-16,서울 송파구 83대로 54
b309ed17-ddd6-460b-a5b5-4b138b999bda,전서현,Female,19,2006-06-01,서울 송파구 62길 19
e2fb6265-db01-4f4c-955b-24ea4e77144d,임지안,Male,69,1956-02-27,부산 수영구 1대로 12
11989f64-6293-471a-acf6-c1de92b80dd1,유하준,Male,50,1975-04-26,서울 송파구 98길 40
2c17992d-7636-470e-8971-144dba0bb3e7,조주원,Female,72,1953-12-26,시흥 정왕동 63길 83
33321414-a956-415f-a7ce-c17481161ec7,최서준,Male,60,1965-07-21,대전 유성구 42대로 68
1f0b8cae-a864-4d83-a2c9-1b9dfabe8e3a,박민준,Female,38,1987-11-16,서울 송파구 90대로 64
a5cb08e7-0054-4dc2-b5df-bf1f93060d19,김예준,Male,20,2005-02-23,대전 유성구 44대로 15
07740c30-233e-46ee-ae02-a788c2e93d06,장시우,Male,14,2011-11-20,시흥 정왕동 47길 90
2d48ea90-0e02-4458-b4e5-b17f40c9fd78,임지안,Female,47,1978-12-14,서울 송파구 26대로 93
605e4314-6f16-443c-ad40-011bed0d74ae,유민,Female,23,2002-01-01,부산 수영구 93대로 35
f4ae605a-593e-4520-b86f-bf635ca86514,서지호,Female,18,2007-05-07,서울 송파구 96로 33
f8f31929-8ef9-45d4-91ca-c988dff77a44,박민준,Female,15,2010-07-08,부산 수영구 85길 52
c7d46326-d8db-4e66-9fd5-a11522a43644,지후,Female,63,1962-03-26,서울 송파구 64대로 58
9a579331-f558-4f16-9496-b6ad69f18f72,임지안,Male,48,1977-07-04,서울 관악구 47길 43
59f46521-2921-440c-9736-8c77383b6bc4,지후,Male,20,2005-10-21,대전 유성구 95길 35
b28ab48f-097f-40a6-840f-4893c2f5260d,임지안,Female,16,2009-02-27,서울 송파구 64대로 58
bea2f946-1030-42a6-897c-0107e8331d5d,고민서,Female,41,1984-01-15,부산 수영구 42길 78
ae6008e3-3d83-4ab1-a2e4-ad5201486388,한지민,Female,79,1946-11-20,부산 수영구 12대로 87
dcd826c9-cef3-429b-9bbc-f8890a7f02ca,권지유,Female,16,2009-10-01,인천 부평구 16대로 95
f954a182-1053-451f-86ea-5f71b2c26854,송연우,Female,52,1973-02-04,부산 수영구 41로 78
5f1095f2-9814-4b61-badc-f110199a3ae0,고민서,Female,63,1962-03-27,시흥 정왕동 33길 60
91f8a8df-4267-43ad-88e7-fafaf4b3357f,지후,Male,15,2010-09-09,대전 유성구 2대로 67
3c7b08fa-42fd-471f-88bb-46c022b7b693,전서현,Male,77,1948-09-16,서울 송파구 41대로 8
d13eb276-53e1-4615-b03d-6ad13b25fa98,유하준,Male,75,1950-06-26,부산 수영구 67대로 13
4e35dbe0-1e47-4270-9e62-9f177ab9bf46,한지민,Female,53,1972-03-09,부산 수영구 100길 3
ee32b24a-5ac5-4c20-ba9d-78cebbf6d015,유하준,Female,21,2004-01-18,대전 유성구 86대로 71
4eab953c-36ef-42c2-94b4-77c5ce459c74,장시우,Male,73,1952-02-02,대전 유성구 57대로 22
f66fce47-aba2-40bf-9998-d7201f357f28,김예준,Female,77,1948-01-02,인천 부평구 96대로 79
1ae0450b-bea8-4b2a-b9a4-3cbcb4cca71e,위하은,Female,65,1960-07-20,인천 부평구 95대로 10
dce32dc8-3ac3-4bda-82f9-671d4059858d,김예준,Female,61,1964-02-17,울산 동구 8대로 23
af499f8f-c01c-4659-8189-f3f3a1b76e5c,고민서,Female,69,1956-10-15,서울 송파구 56로 65
42a37f23-6842-444b-8ee0-34c9a5509061,박민준,Male,55,1970-12-11,시흥 정왕동 92대로 71
56317302-aa41-4d48-820c-af103e2ef9d0,노윤지,Male,63,1962-05-17,울산 동구 83로 76
acd28590-4b40-4039-aa83-d493f66f1730,안지원,Female,28,1997-03-08,울산 동구 46길 97
be0c452a-9a2a-48d1-b5dc-d4aa74be3722,한지민,Male,85,1940-05-11,부산 수영구 37로 11
0e0e3398-a551-4261-944c-d09fb6f28943,안지원,Male,11,2014-02-23,부산 수영구 68대로 25
09d49bec-cf3f-4a21-a9ab-4132f557ca89,안지원,Male,27,1998-06-07,서울 송파구 27대로 47
622cf9c0-7bd6-4775-b333-5662d77c22e5,강서연,Female,32,1993-11-18,서울 송파구 5로 42
38df95a4-c5f6-47b0-97ae-8788413586b4,전서현,Male,39,1986-05-28,대전 유성구 7길 32
6647128a-5607-493c-983b-37901f08f2d4,유하준,Female,43,1982-12-18,울산 동구 97길 4
f6026baa-74ce-4b8e-aa75-fe933a252a35,윤도윤,Male,76,1949-07-25,서울 송파구 74길 98
5c4687a7-7a93-4b11-8cdb-9acebfffc552,강서연,Female,60,1965-05-16,시흥 정왕동 96로 70
04de9eaa-1dfd-4eea-8e08-1de644ea5635,박민준,Male,30,1995-05-27,서울 송파구 16대로 75
7779ff24-999a-4fd9-a24b-13af0d416f96,최서준,Male,31,1994-09-23,서울 송파구 74길 74
b135428a-9a17-4aff-8aac-4809de34242b,이서윤,Male,24,2001-09-14,서울 송파구 79로 63
9d80cd59-2a80-4a19-a4f5-d7ab21056104,신하윤,Male,57,1968-12-13,서울 관악구 48길 65
a50ef340-ba31-4f1e-bc35-fdf031edaa22,김지우,Male,35,1990-07-25,인천 부평구 63길 64
2dcd91a0-0443-46c0-a69c-ef2e4c2a533d,조주원,Female,19,2006-02-09,대전 유성구 83로 16
c6a043f8-fd63-48d7-a5a8-5fb946c0df11,최서준,Female,23,2002-11-09,서울 송파구 11로 29
6822b1d6-a023-4136-8796-46b690a82204,전서현,Male,25,2000-04-23,시흥 정왕동 56로 73
e9fe998c-14fc-4ba5-8e68-6566b24ca721,유하준,Male,12,2013-02-24,대전 유성구 79로 25
d55930b6-899b-4824-a570-7607a9fcda21,박민준,Female,26,1999-09-17,울산 동구 17대로 61
763a81ec-c4db-4ad7-b1ef-718b50ea13fd,서지호,Male,62,1963-10-18,울산 동구 97대로 94
0672dabd-2283-4b21-8222-9ce639fc1f02,안지원,Female,21,2004-01-04,울산 동구 74로 86
16a0802f-e19e-4cfc-8ff6-db6f855429e4,박민준,Male,21,2004-11-14,서울 송파구 15로 55
f7bb1fe7-7d7f-4500-8eaa-bc1ffa3d9864,이서윤,Male,11,2014-09-21,울산 동구 28길 54
ec1d50b9-8f31-46ee-8366-223279f9da60,안지원,Female,55,1970-09-22,부산 수영구 69로 53
d33b10de-6209-4fdd-83d9-d8245ae58db1,신하윤,Female,16,2009-04-07,부산 수영구 33길 33
21b4136d-040f-4dc2-b41d-117ad4113f2c,조주원,Female,80,1945-03-18,서울 송파구 9로 26
4fdebdb0-1cf0-4f16-92ea-4f463965a769,지후,Male,79,1946-04-26,부산 수영구 93대로 12
ba4bd094-1a4c-40e1-8fdf-8d738185b096,노윤지,Male,26,1999-10-24,서울 송파구 93길 27
b567d82d-3702-4d43-86b1-afd09d16ccf7,유하준,Female,46,1979-03-21,울산 동구 87로 6
96853af9-a53b-4bab-bdac-5f1ff3bed485,임지안,Male,66,1959-02-28,시흥 정왕동 67길 58
c1972aad-e89c-41ea-af2c-f420eec99e02,임지안,Male,71,1954-04-21,서울 송파구 80대로 78
07e05629-627c-4d64-9874-7f0d8e5d57cf,권지유,Female,25,2000-12-06,부산 수영구 88대로 52
9524efea-b7db-49be-8afc-c55fcb723414,전서현,Female,16,2009-11-04,서울 송파구 7로 28
1fe2d625-c56f-431e-a6c6-20bf2073b021,전서현,Female,84,1941-12-28,대전 유성구 28대로 21
4a81046d-3362-49e2-8bd0-9c1628d24d0f,위하은,Female,75,1950-01-11,부산 수영구 73길 54
c0788008-95d1-46da-a4a6-fa2975bd9ea3,최서준,Male,76,1949-06-12,울산 동구 38길 45
e7680280-b6f7-4da4-822e-0124eeb5e560,조주원,Female,54,1971-12-27,대전 유성구 33로 51
336a3759-0a92-4648-93db-e5e72cb8a244,김서진,Male,80,1945-10-05,서울 관악구 16로 76
4c8be3a9-3b2d-44ab-a5d2-35a5705a0b1e,유하준,Male,80,1945-05-14,대전 유성구 99로 90
fcf5a6af-89ee-4232-aea1-54c7773ac66a,서지호,Female,77,1948-10-06,인천 부평구 75로 59
f6c453fe-82e5-499b-a431-5b4e0ecea104,최서준,Female,9,2016-06-19,울산 동구 4길 6
199bab44-9b7b-4df1-b14b-1cb9fab0b469,조주원,Male,73,1952-02-19,서울 송파구 53길 84
07d94d57-bb6c-4cff-bf1f-368eb920a195,김서진,Male,18,2007-11-20,울산 동구 70길 93
c11c5382-71a3-4fb0-a615-3820ac28e934,지후,Female,54,1971-10-28,인천 부평구 45대로 64
1cd0d256-75a7-4436-8baa-f9fd329cf56e,유민,Male,65,1960-03-18,대전 유성구 24로 63
fb903ecf-ce56-42ed-addf-8c3c9fa54f8f,강서연,Female,51,1974-12-12,서울 송파구 95대로 36
9b790b25-f453-4b3d-b166-eba157be2257,정준우,Female,66,1959-05-27,인천 부평구 70길 27
8185d1ca-dc23-483d-a78f-a05df370a336,전서현,Male,81,1944-06-27,시흥 정왕동 88길 43
67eafab3-f35e-44a6-a8a6-579d50d669bf,안지원,Male,30,1995-06-28,인천 부평구 40길 93
3b6f4f2b-f118-4b1d-89d2-8e95746412fe,최서준,Male,71,1954-05-15,대전 유성구 37대로 52
4ccf519f-00c6-4821-a414-d4f19f2cf6c8,서지호,Female,57,1968-09-23,울산 동구 62로 61
40346e57-f552-425a-a525-4ee74e1ef7ab,신하윤,Male,70,1955-11-28,서울 송파구 49로 70
014aaa68-882d-4825-99fb-79915bb0037c,신하윤,Male,17,2008-05-22,서울 송파구 40로 67
32290054-f99e-43ca-b961-b1312479a149,유하준,Male,81,1944-05-13,대전 유성구 95길 48
d14186c8-de2c-4f33-98af-d24a013c94cb,전서현,Female,52,1973-10-18,서울 송파구 11대로 49
41c4fb05-7286-4ad2-803e-9fc877c0fa8b,고민서,Female,50,1975-08-07,대전 유성구 7대로 56
195646a7-b0ff-4322-8439-c7d9742b471a,노윤지,Female,50,1975-09-24,울산 동구 41로 21
dc837d6a-c378-48c9-8bcc-64f33088654d,안지원,Male,62,1963-04-20,서울 송파구 36대로 5
3d964660-909e-4c9c-8ad8-0f115df2a871,신하윤,Female,51,1974-05-22,대전 유성구 22길 42
dfdff6e7-b21a-4e0e-ad10-3a30036b3a1e,권지유,Female,58,1967-11-16,서울 송파구 19길 19
243f13ff-14e8-4b2a-89a0-728a6338bfde,한지민,Male,79,1946-08-14,부산 수영구 77길 39
b226057f-a2df-48c5-889c-80f4af2cc242,권지유,Female,70,1955-01-27,서울 송파구 16로 44
f9bf4fdd-c4b1-4e82-99b5-768de2ee404b,김예준,Male,39,1986-12-12,인천 부평구 29대로 90
0e10f3b3-9327-454c-a90a-de4202bfec8b,신하윤,Female,15,2010-01-03,울산 동구 75길 13
f7f1a122-109a-4995-a717-f2637a42a50a,서지호,Male,72,1953-12-15,서울 관악구 84로 48
fb179fa0-ef35-4012-8afe-845ee956bf81,이서윤,Male,40,1985-10-13,시흥 정왕동 31길 14
ba0359f1-a5b3-44b8-b596-63585d17b3b0,김예준,Male,54,1971-07-17,서울 송파구 23길 91
74da17ac-6446-4664-a062-f0e35de41818,유하준,Male,56,1969-12-11,인천 부평구 19길 80
593ac891-03d9-4963-a8e9-90ec1559071c,박민준,Male,82,1943-09-23,서울 송파구 93대로 66
73c3bee2-126b-40ff-b5d6-6681350e61df,유하준,Male,12,2013-06-03,서울 송파구 7대로 44
92175753-5fee-41be-a5b6-dfa0e69b15b4,정준우,Female,64,1961-11-11,대전 유성구 27로 73
042b44c9-fd75-49cb-b887-64f67a30dad1,정준우,Male,39,1986-05-14,울산 동구 33대로 47
4049dfc3-9c4e-4270-9bbe-09d3a037dd0b,송연우,Male,36,1989-10-06,부산 수영구 69로 68
b35327ed-888b-43da-8f3d-5924591756d3,윤도윤,Male,31,1994-04-10,부산 수영구 57길 90
5de5097d-99a8-4c25-b8f1-b9398acb8544,송연우,Female,83,1942-06-01,인천 부평구 53대로 10
5453dfb3-8670-43ff-8019-29348a67e808,박민준,Male,52,1973-10-02,인천 부평구 36로 89
ca38e0ce-c935-4395-b837-372e3759338d,김서진,Female,64,1961-11-16,서울 송파구 47길 63
c6936028-8cf8-4213-94a6-6716ada31c01,김지우,Female,73,1952-01-18,서울 송파구 49로 10
066c51d1-8b8d-4caa-bbea-213fdeed0012,한지민,Male,36,1989-04-27,서울 관악구 86길 5
6e7c72ee-37d4-4180-b31e-b6f057ae0e2d,고민서,Male,33,1992-01-10,울산 동구 83대로 87
1bf6cb8a-5136-4a69-8f09-68400ebd7c89,고민서,Male,32,1993-03-22,서울 송파구 93로 54
efd7c926-d314-41d7-8dc8-68d84dae512c,조주원,Male,20,2005-06-13,서울 송파구 48길 28
b99b15ad-633f-435d-a4e6-c3d33e602029,박민준,Female,48,1977-01-17,서울 송파구 65길 59
f6fc7a17-e582-4364-843c-b149f3d620f9,김서진,Male,74,1951-07-20,서울 송파구 44길 22
02619c96-9fa5-42b0-ba52-917c4392b082,윤도윤,Male,84,1941-12-03,울산 동구 72길 60
77283c29-3203-46e1-8968-906adf0f9a66,노윤지,Female,55,1970-05-18,부산 수영구 17대로 71
13e725f6-f476-4a61-8665-736c25dfe47d,고민서,Female,16,2009-08-06,인천 부평구 54로 74
ba6724f9-d4ec-445b-ad98-c444a03c6410,지후,Female,21,2004-05-03,부산 수영구 1대로 19
874998c3-eef5-4721-9e48-d2c23499720e,신하윤,Male,62,1963-07-15,울산 동구 55로 32
c8787132-05e8-4dc2-93ed-dcd1e391c040,임지안,Female,23,2002-10-07,부산 수영구 85길 42
a38e128c-c480-4bfe-ada9-7ec57cb68c9b,한지민,Female,44,1981-08-26,부산 수영구 62대로 59
ae084469-861d-4006-beb1-e2c9508ee155,최서준,Male,73,1952-12-04,부산 수영구 45대로 99
66257fdb-a3c5-42ac-8a45-8c0ee962b3f8,김예준,Male,45,1980-10-07,시흥 정왕동 68길 69
4376082e-d48c-432c-93a7-1ff237934dd7,신하윤,Male,13,2012-05-27,시흥 정왕동 73길 29
aad8e202-c35b-40a1-855a-44d4fb0a0d5f,김서진,Male,26,1999-03-16,인천 부평구 80대로 31
95fcfbc9-e095-4d5a-90c1-06a1366bbb53,안지원,Male,36,1989-09-15,시흥 정왕동 87길 22
2152b9ad-d478-4ab2-8840-a5c2f35f1a23,노윤지,Female,57,1968-03-08,서울 관악구 66길 12
f697fce5-bb4f-4a93-b196-c061710c1660,고민서,Female,71,1954-12-01,울산 동구 12로 2
9f4e5a10-32d6-46bb-9b2f-cc4b70e1f84b,강서연,Female,50,1975-01-21,울산 동구 10로 19
725df204-fc04-4e5c-9a44-644d767b4dfa,박민준,Male,58,1967-01-23,울산 동구 17길 81
8778dbbe-27b3-4f6a-879a-f2e9ae7b2cec,신하윤,Female,63,1962-03-03,울산 동구 56길 41
d84f21c9-c830-40f0-9909-b729048f9d76,김예준,Female,45,1980-04-15,부산 수영구 8로 32
d41eb8b8-f01c-45d2-a295-5cbbdecf05f1,서지호,Female,14,2011-03-19,서울 송파구 41로 27
d3bda7e2-c540-4cfc-a9f4-beb26effa22a,노윤지,Male,49,1976-11-11,서울 관악구 58로 7
58a3de25-a785-46dc-a59c-d853d02edb55,김예준,Male,38,1987-11-10,부산 수영구 25길 19
ab76d2fa-3ae5-4c99-aa44-50271839fb0f,최서준,Male,84,1941-03-25,시흥 정왕동 98길 90
96ab5d5b-789a-4a38-add0-272e3dbf87f5,김예준,Female,84,1941-12-10,서울 송파구 24대로 8
305a5460-7eeb-49b6-9583-d63e1a5dfcda,노윤지,Female,56,1969-02-19,부산 수영구 44로 72
99293406-3a01-4784-b017-e8013535703d,노윤지,Female,29,1996-07-14,서울 관악구 24길 93
5d2f1678-49d9-496c-b4ee-c365d526691b,박민준,Female,44,1981-07-17,서울 송파구 73대로 26
e407a649-81d5-427a-95c8-3bc4906f0aa0,지후,Male,13,2012-06-08,서울 관악구 7대로 86
12e8fcb5-aacb-4dff-b720-2e62941ba128,서지호,Female,29,1996-10-11,부산 수영구 54길 75
1559e77d-6a9e-4b85-a07e-06388018ed83,김예준,Male,29,1996-07-03,서울 송파구 1대로 99
ea45f53a-b178-4b5c-87f6-f47aa370e0e7,서지호,Male,43,1982-07-07,서울 송파구 94대로 38
4563f976-919b-4385-986f-d77ba827c8fb,송연우,Female,72,1953-11-12,서울 관악구 83로 21
b8d9c1e1-b2a0-4dba-bc30-0db79764fef0,정준우,Male,75,1950-05-06,대전 유성구 76로 27
cf85753d-6955-431d-8e16-6892d7458d5e,권지유,Female,65,1960-09-22,서울 송파구 45로 3
1abe0851-4b9f-4f3a-aea1-d03bd9cb16b6,신하윤,Female,68,1957-12-21,대전 유성구 81길 58
1b6a7e42-7090-4b31-9423-e2f4e4e8d672,김지우,Male,46,1979-02-13,대전 유성구 32대로 28
2e607975-1405-4327-91c1-03943a17f701,신하윤,Male,81,1944-05-05,대전 유성구 62로 92
3a80e370-4748-4855-a644-0bbb130777cb,권지유,Male,77,1948-10-10,부산 수영구 99대로 60
e9def0a6-5a5d-4823-8522-5291e25e69d6,노윤지,Male,35,1990-06-07,부산 수영구 38길 54
1a989ab2-6119-4088-82dc-64feff0c8cfd,김지우,Male,67,1958-06-15,서울 송파구 74길 60
dfa8288b-af08-47a8-bbed-dfc317198561,서지호,Female,59,1966-08-25,서울 송파구 84대로 72
79ee956c-8b3e-46c7-b974-e6a3b2bf3587,김서진,Male,18,2007-04-12,서울 송파구 41길 4
baab2ce1-e5f2-443d-84e0-1bc15c19504c,전서현,Male,20,2005-01-03,울산 동구 37대로 22
fc05f669-4a04-4839-b7c9-7bdbaab02b27,서지호,Male,33,1992-03-07,인천 부평구 7대로 66
5d11ea9a-6f4f-411a-9d30-2af60d339fb6,전서현,Male,15,2010-10-09,시흥 정왕동 26로 38
eff7e40b-9b3e-4c60-a54d-caecf93c5cd1,신하윤,Male,41,1984-07-06,인천 부평구 53길 17
7b363ce2-c9f7-46dc-970f-4a0b9452913e,안지원,Male,59,1966-11-02,인천 부평구 94로 12
7985f1be-cad4-42aa-bf2e-35d55c3eac4e,위하은,Male,55,1970-01-15,울산 동구 11대로 17
5f8d8368-bc9c-4eaf-a33f-e343afa4685b,유하준,Female,46,1979-05-10,서울 송파구 43길 54
88c0b50e-1fad-48b6-bdeb-28660a69f2b5,안지원,Male,49,1976-07-20,울산 동구 58길 50
cd20dc1b-ce3c-4b8a-81e2-f36ccd792e69,서지호,Female,63,1962-12-18,대전 유성구 63로 90
e135f829-21ff-4613-8f7d-5e7b824370a6,김예준,Male,82,1943-03-24,서울 송파구 96길 92
32934fe5-2ce7-4738-8f7e-000f29779431,김지우,Male,22,2003-03-28,부산 수영구 60대로 24
282f2c0d-f126-4d7e-b726-b4762733dd32,송연우,Female,24,2001-11-13,대전 유성구 63로 40
74e5e518-2eaf-4612-a503-4956a7329ab7,강서연,Female,57,1968-02-26,부산 수영구 48대로 34
4f87f5da-373b-45b9-8dc4-2216bafd847a,전서현,Female,23,2002-08-24,부산 수영구 71로 23
9ea06607-2588-43d1-83c7-c185594ca237,한지민,Male,24,2001-02-19,서울 관악구 94길 55
3b252e60-9d48-4821-8642-3e830d79053a,유하준,Female,54,1971-02-10,서울 관악구 81대로 30
fdfb7e23-892a-4aa0-b51b-2bb767046844,정준우,Female,56,1969-01-05,부산 수영구 53길 99
8407489c-9f74-45dd-8144-e7e279928c60,박민준,Female,51,1974-03-27,서울 송파구 43로 88
a9483c7f-f006-46d1-bef8-12da59846360,김예준,Male,71,1954-08-15,서울 송파구 15대로 95
6a6e740c-156e-4213-8449-d56ec4ae22fc,윤도윤,Male,27,1998-01-01,서울 관악구 90대로 78
40594a60-c451-4744-a1d1-a7e9b13bf1c0,최서준,Female,51,1974-02-06,시흥 정왕동 39길 39
27e4929d-5843-461e-829d-d2f9b1b4c3b6,노윤지,Female,79,1946-07-14,인천 부평구 66길 99
dce80cfd-df0a-44d6-a5a2-a3b6f1491ae1,지후,Female,40,1985-04-09,부산 수영구 10길 6
b894b2b9-2a09-438b-a68f-9ea93c4a7950,김지우,Female,37,1988-05-02,대전 유성구 60길 59
62d138b1-e7da-47fc-852e-ed09aec61e0b,노윤지,Female,63,1962-08-18,인천 부평구 79로 90
33acecee-4e46-47e7-abb9-1bf043e0e980,김예준,Male,63,1962-03-15,시흥 정왕동 48로 61
96297255-78d4-4487-9f75-9117dc19df04,정준우,Female,34,1991-04-07,서울 송파구 53길 77
e86b0b63-ce6e-4b9b-9dee-b8ef95c2b9f0,조주원,Male,15,2010-07-22,시흥 정왕동 51로 55
3387ca70-f6f0-47a3-a468-c145ffa19fff,김서진,Male,44,1981-08-16,부산 수영구 92대로 14
9272bd3c-53a0-4b89-a6de-3a76e60af8fa,최서준,Male,38,1987-07-04,부산 수영구 31대로 69
3babacd0-f65c-44ee-9191-8703d789e2b4,이서윤,Female,17,2008-09-12,서울 송파구 61길 72
0dce9ccf-6e67-4de0-9b40-93ae1830e31b,권지유,Female,45,1980-12-22,대전 유성구 26로 62
b2a20b79-f487-4f1b-9862-95342992a386,장시우,Male,45,1980-10-03,서울 송파구 20길 84
2854117e-ff8f-4431-a1a7-60f029a5d7c4,안지원,Female,64,1961-06-11,서울 관악구 7대로 23
941590f9-19bc-44e0-a25e-925c03781c80,안지원,Male,45,1980-06-19,시흥 정왕동 64길 6
9e36be50-c32e-4998-93d0-adb9dec3f2d8,박민준,Male,18,2007-12-11,울산 동구 13로 24
55da4f00-a8ac-46d2-961a-569668c8e8bf,조주원,Male,68,1957-02-11,대전 유성구 82로 41
b9b03587-c4ba-4c80-b3ae-2c588a4def39,전서현,Female,56,1969-05-12,울산 동구 55로 25
4ec7fba4-ed29-45b4-b5b8-f1a1cdb26a47,안지원,Male,83,1942-03-15,인천 부평구 41로 19
cca40a11-9f89-427c-9f30-5d2abcb9b4a1,고민서,Male,9,2016-02-03,대전 유성구 71로 96
d4670707-3d97-4a46-90cd-65e4c196a54b,조주원,Female,54,1971-10-06,서울 송파구 43길 38
bb87ae09-3d9f-4422-802c-754488aca973,위하은,Male,19,2006-12-22,서울 송파구 19로 65
757491a1-31bb-4020-b282-b72d4def84f1,강서연,Male,77,1948-07-17,시흥 정왕동 31길 20
864822bd-49d6-4949-bb86-6e4d357afa4b,조주원,Female,13,2012-05-17,서울 관악구 48로 71
5532cfa1-0c4b-458c-b4d3-b7e1f9301852,송연우,Female,63,1962-01-26,서울 관악구 71길 37
b5ac86d5-304a-4893-9427-86832dbb3a1f,김예준,Female,19,2006-01-20,서울 송파구 30길 70
5cb1ccf2-0ca4-4ad8-84ad-e777cf0b4946,신하윤,Female,31,1994-06-06,서울 관악구 73길 78
ac341678-7f6e-46c7-a855-2934c570c5f1,윤도윤,Female,29,1996-04-20,서울 송파구 54대로 20
53309007-dffd-4788-bf76-0a8819cf9485,한지민,Female,31,1994-12-10,서울 송파구 56로 22
f2089c2c-df00-45db-8b38-4b4b6c4899a2,김서진,Male,73,1952-04-28,대전 유성구 52길 6
b3508eb1-b3e3-46b7-ad3f-74f1b9e9ed8d,노윤지,Male,65,1960-01-23,서울 관악구 54대로 23
5587f699-8ca2-4d34-96f0-7a64cb304d28,노윤지,Female,82,1943-05-12,시흥 정왕동 40대로 15
77b6ca88-0700-40ba-b227-b7c4538e082b,이서윤,Male,38,1987-12-13,서울 송파구 53길 32
adb8d74b-d21e-4aad-9664-6a76c902f9b7,장시우,Male,17,2008-12-21,서울 송파구 71길 55
992ca5f6-386b-4852-a819-ca99044f9b7c,김서진,Female,19,2006-04-08,부산 수영구 10길 50
6ac543d0-2270-44fb-9b72-d9bb730190a6,서지호,Female,22,2003-07-09,서울 송파구 11길 70
9e1921fa-2bcf-4c87-9509-435bc97d475c,송연우,Female,34,1991-10-02,부산 수영구 4길 2
89a2874f-87c5-4417-8962-cc76ee7393c7,전서현,Female,37,1988-02-03,서울 송파구 81로 84
bd4c8070-8503-4faa-8311-7cfd9f30595f,김예준,Male,11,2014-10-24,부산 수영구 17대로 56
8d17c532-2e11-4699-a9dd-778e526b4be6,서지호,Female,68,1957-08-20,서울 관악구 57대로 31
f006399b-d0aa-4083-9fde-1a3d394399a6,강서연,Female,60,1965-06-14,서울 송파구 26대로 50
f12ba7c3-becd-4805-928b-ab201533b198,고민서,Female,51,1974-04-22,서울 관악구 4대로 73
40173526-56ed-4aa9-82f8-62e9eeca5997,정준우,Male,36,1989-03-10,서울 송파구 90로 84
ace1590d-d585-4874-8975-4097a621fa5f,위하은,Female,76,1949-01-01,대전 유성구 57길 45
119bc2bf-e58a-4384-84a8-07bed4cf7572,임지안,Male,53,1972-07-27,서울 송파구 67로 48
4bcb81ff-b3ce-4908-acb1-ba40972eba64,김지우,Male,61,1964-12-05,서울 송파구 39로 67
6901cfcc-aee2-4f58-95eb-9bf6316db626,위하은,Female,43,1982-07-12,시흥 정왕동 8길 98
77f1ea81-92da-4285-b290-6955a93b2295,권지유,Male,36,1989-09-16,울산 동구 5대로 83
386f4467-e687-406d-8c8a-8902d2a3d21e,송연우,Female,78,1947-08-24,부산 수영구 96대로 3
a7df6295-7b06-4de5-b022-a3c7177af7a3,권지유,Female,9,2016-02-03,인천 부평구 90길 73
9e96c6cd-ef12-4ed0-bde0-a69b4c70127b,고민서,Male,44,1981-08-28,시흥 정왕동 53로 20
6ba85649-182f-4e2f-aaf7-34b8486a34ae,윤도윤,Male,66,1959-05-18,울산 동구 35로 41
096f4cb5-92aa-4e97-9335-b3e53540c8c0,박민준,Male,48,1977-10-15,부산 수영구 34대로 13
52174a55-d3cb-473e-8a25-b94d260c5212,유민,Female,42,1983-08-10,부산 수영구 55길 49
17eb9c80-0eb1-412c-ac07-c63e045fe85d,안지원,Male,65,1960-03-02,대전 유성구 94로 74
4fbc0d3c-c2cd-4096-9b4d-fbaef87b9edd,김예준,Male,32,1993-11-07,서울 송파구 47길 1
31b1109a-f1eb-4119-8840-162eff6f5887,박민준,Female,69,1956-11-08,부산 수영구 4길 64
f20e3295-5a95-4f0b-946d-8152f0f0bcd9,이서윤,Male,29,1996-11-04,부산 수영구 45대로 32
54dec701-1ed5-4640-b89e-473cca3c0fcf,한지민,Female,32,1993-03-20,서울 송파구 66로 28
d6bef64f-a509-4592-ae97-1f96cf62be41,안지원,Male,38,1987-06-18,부산 수영구 51길 96
9dd3f52b-18d9-460b-9320-ee81f3c10f2c,노윤지,Male,73,1952-07-18,서울 송파구 82로 46
9452ae4b-95b7-4a41-b75f-4046ea479ef6,유하준,Female,60,1965-12-07,시흥 정왕동 93길 71
3593a1bd-f811-4648-9f50-309a9b99df91,김지우,Female,20,2005-09-18,인천 부평구 36대로 49
b0b0d32f-852f-4a3e-9887-722f3f8ba907,이서윤,Female,65,1960-04-10,시흥 정왕동 37로 33
9421976f-5ccf-419b-8b48-96bcba73bcd9,서지호,Male,81,1944-04-28,시흥 정왕동 68길 58
b1cc7737-b7ca-474c-8d40-5a4dd79c8529,유하준,Female,26,1999-12-17,울산 동구 28길 47
034b527d-a330-4e2a-92b2-913cf9d78e7e,유하준,Male,31,1994-07-13,시흥 정왕동 97길 26
fe3ef9ef-f062-4873-a4ab-f740d0b5b761,위하은,Female,41,1984-11-02,시흥 정왕동 75대로 77
8b8c1306-5bc2-4da8-a614-95c562722807,장시우,Male,82,1943-05-22,서울 관악구 69길 91
9c03760b-11ba-401a-bcf4-22a9c04e775a,조주원,Female,84,1941-11-09,시흥 정왕동 11로 5
14b093da-1484-474b-9e60-c5f9501534d2,서지호,Female,77,1948-04-07,대전 유성구 31대로 11
a07eee14-80e6-41aa-8f15-1bd8a0cbf8ab,유하준,Female,43,1982-02-23,대전 유성구 94길 75
609d387a-5bf0-414d-970c-a903f69121d5,노윤지,Male,23,2002-07-12,시흥 정왕동 63대로 100
2cdc3efb-8194-4f91-ba8f-e60dfd7e3138,노윤지,Female,57,1968-03-21,대전 유성구 34로 78
8f535208-6434-4461-ad5e-a53485f8d9ca,신하윤,Female,41,1984-02-03,인천 부평구 18로 41
4a5a3360-817b-4f44-be37-037014f91d20,김서진,Male,21,2004-11-25,시흥 정왕동 97로 81
c401baca-0323-44ee-9154-988d627fac20,유민,Female,38,1987-04-13,서울 송파구 89대로 48
8ad43867-5dd1-4a9c-b04e-a6298faad958,김예준,Female,48,1977-12-26,부산 수영구 54대로 51
715a1511-5f9f-466a-bb80-3620056b403d,윤도윤,Female,20,2005-11-17,울산 동구 43길 32
d0f20783-aaa5-49df-ab32-bd1db66ea476,안지원,Male,60,1965-04-03,서울 송파구 79로 50
0fd503fa-416a-4656-b11f-c888c3300af8,지후,Male,68,1957-12-21,서울 송파구 95길 41
363481d6-d774-4222-a867-d4f8785883fe,윤도윤,Male,52,1973-08-09,대전 유성구 16대로 65
ae90d86b-b5ef-431e-9430-03b9efa763ca,한지민,Female,16,2009-05-01,시흥 정왕동 8길 10
09d6ac86-81f0-4873-af0d-a5044fb29445,임지안,Female,42,1983-10-04,서울 송파구 35대로 28
df7bed78-cc28-4213-8c97-a34db16e9499,송연우,Male,53,1972-01-15,인천 부평구 28길 87
c7becee5-b226-41f4-9989-d6ded1e214fb,조주원,Male,27,1998-02-16,인천 부평구 52대로 84
236f696b-9dcc-4750-88c1-d49a2c26b61e,김지우,Female,69,1956-10-19,시흥 정왕동 82대로 25
bfaef584-eb9d-4546-b744-bbeab85c10ee,윤도윤,Male,28,1997-08-14,울산 동구 88길 2
aa6bf320-7f52-4f16-b8c4-ff8ff1dbf68d,이서윤,Female,16,2009-08-05,울산 동구 81대로 100
6f86863a-0f32-46cb-93bf-50a9b715e72c,장시우,Male,25,2000-11-25,울산 동구 78길 83
e65b61f0-1ae1-474d-955e-1229b53862ef,지후,Female,74,1951-08-03,서울 송파구 8대로 89
1e2e3f73-5454-4d50-b939-d2d7b51769d9,정준우,Female,15,2010-04-03,인천 부평구 89로 26
1e203ae4-61e1-460a-80ad-1586819d67c3,위하은,Female,46,1979-06-01,서울 관악구 20로 74
65af0f74-7b37-4882-a22b-00d44f7ebed0,강서연,Female,18,2007-02-23,서울 송파구 25대로 97
05617082-9463-4832-aa6c-9c6abdcc81f7,박민준,Male,84,1941-04-11,서울 송파구 75길 93
628e6689-cec9-4f9d-a2c7-f258d49053d4,안지원,Female,64,1961-07-21,울산 동구 73대로 13
d053665e-789b-472f-afae-9de8db2aa839,고민서,Female,57,1968-10-02,부산 수영구 42로 39
d6808b9d-6d82-4c80-be7c-81a11291d95e,최서준,Male,52,1973-11-24,울산 동구 98로 64
40ab9ba0-a2d6-4da5-abd2-d02395e0fca8,김예준,Female,80,1945-04-04,서울 관악구 28길 57
a3f02199-3d5a-48d7-af65-a6c1bc8e096b,유민,Female,15,2010-03-14,서울 송파구 21로 53
f467dd50-a99a-4c61-b4ec-6a4dd6d867e9,유하준,Female,13,2012-04-11,울산 동구 53로 36
1c1a4bc3-0c45-4959-b4f1-249d76573c78,한지민,Male,11,2014-05-16,시흥 정왕동 54대로 38
bfe90306-1d96-4c36-a3b3-a1fc12c8f795,유하준,Female,75,1950-09-20,부산 수영구 30대로 98
ce99547c-f325-4694-a3a6-896510fb3680,강서연,Female,69,1956-06-21,서울 송파구 24로 70
a8ba4138-608d-457b-9c46-83a9686bcc13,이서윤,Female,18,2007-01-19,서울 관악구 40대로 53
99c3c522-2639-4302-936d-220cb55c2f35,지후,Female,76,1949-04-03,서울 송파구 33대로 24
fdcf8b3e-2df8-4b29-8d2a-12efb5979a79,윤도윤,Male,53,1972-10-08,시흥 정왕동 11로 3
34166bcc-7e6c-420f-9a3c-0426ef1e36c5,위하은,Male,11,2014-08-16,인천 부평구 78대로 43
17ca2ff2-e71e-41e0-aafb-93768d18f1e0,김서진,Male,43,1982-10-06,부산 수영구 54로 42
7f30ffb2-1488-4f54-9320-9781ebe2cb5f,권지유,Male,19,2006-04-24,울산 동구 2대로 48
d19de674-4665-4b01-a267-b4f7fa009054,안지원,Male,39,1986-08-14,부산 수영구 93길 27
3a4032a6-a428-445a-b533-df928e7cf61b,송연우,Female,35,1990-02-17,부산 수영구 4길 41
9693b557-32ea-47dc-8489-9a37a0c36fd2,장시우,Male,66,1959-08-18,서울 관악구 33길 15
7cfc6264-4dcc-431f-b021-59a09ee72d59,유하준,Male,43,1982-09-24,인천 부평구 81길 37
e0679f27-4b5c-413c-8303-d3e73bb1aefd,이서윤,Male,35,1990-08-28,서울 관악구 14대로 44
59d2eeef-7cc7-42f8-9146-60b85ca8fcd5,강서연,Male,80,1945-06-26,인천 부평구 9대로 52
a4644692-227b-4319-8489-b69a08693213,전서현,Female,83,1942-12-27,서울 관악구 38대로 41
466a792f-ba33-4393-a621-63ea1d7b1b62,안지원,Female,45,1980-12-12,인천 부평구 62길 52
f3e42da7-aa1f-4a3c-a2b4-d9f74a1ec103,강서연,Female,49,1976-08-12,시흥 정왕동 56대로 68
6c3f379e-0612-4d14-9337-cab69ea7534c,최서준,Female,81,1944-12-12,시흥 정왕동 81길 17
3c8614ba-b820-429c-b24b-5d2a67eb54d2,지후,Male,51,1974-06-20,울산 동구 34길 34
e1280481-c68d-48f3-8366-181c8189646b,김서진,Male,59,1966-09-28,울산 동구 79길 54
8b9d1ecb-d092-40db-9423-7eb9ce254466,서지호,Female,25,2000-04-21,서울 송파구 25길 30
29f48c11-6500-48fa-be44-173c49cd15cf,강서연,Female,36,1989-06-17,부산 수영구 54길 71
deb327f4-6911-45c2-9035-cd92df9a5d88,신하윤,Male,20,2005-05-27,인천 부평구 87로 7
69151ded-0665-48a2-a385-f758266cb861,권지유,Male,24,2001-06-08,시흥 정왕동 79로 76
8a7b8e91-7a13-4769-bd47-19e02d833dcb,최서준,Female,17,2008-03-21,서울 송파구 39대로 39
0e31c5f8-39bc-44d7-9cc9-8bfe66f848a4,서지호,Male,71,1954-11-09,서울 관악구 82대로 78
e98b0b87-9326-4947-b1b7-52de4e0ae1ed,유민,Female,46,1979-08-28,인천 부평구 91길 79
f8ef2604-3352-450e-8991-f3dbc8c9c73d,김지우,Female,74,1951-11-17,시흥 정왕동 57대로 89
92d5fd7d-5f8b-4fd0-bf80-c3dd33fb84c3,박민준,Female,72,1953-02-10,서울 송파구 1로 66
ed9c9801-baac-46ae-b303-6aaf4c67be29,조주원,Male,31,1994-11-02,서울 송파구 10대로 71
f688a27f-cb56-4337-ba11-2e673ba89683,임지안,Male,81,1944-11-28,시흥 정왕동 86대로 35
995a466f-f739-4c23-aa0e-22ccb1158ebf,장시우,Female,13,2012-11-10,시흥 정왕동 20길 66
895627ea-c3ac-4c85-b1e1-42eedd3afa00,안지원,Female,14,2011-06-21,서울 송파구 99길 87
318b18af-4771-4ecf-a685-24096a50c555,송연우,Male,40,1985-04-07,부산 수영구 84길 25
a8503378-2745-4d2f-bf35-46d0fd7d4f1f,박민준,Female,33,1992-03-28,서울 송파구 100로 88
7090dd8f-5c24-40db-8d2c-d4e11f3b1427,지후,Female,67,1958-12-12,부산 수영구 4로 35
f37cb691-8f89-4ba6-bc2a-db8cc425fa44,조주원,Female,69,1956-09-12,서울 송파구 67대로 37
e8c6169f-251e-4608-9e3e-7ae133dbcb0e,임지안,Male,41,1984-06-24,대전 유성구 14길 46
7518aa4c-1932-466c-be5e-1efa84fad42d,임지안,Male,69,1956-12-21,부산 수영구 36길 98
ba14e098-dd15-4334-bf72-605fbf2ef01b,박민준,Female,31,1994-09-07,서울 송파구 59로 35
a0f033d7-20a6-477f-9997-447610a9683b,최서준,Male,67,1958-06-24,서울 관악구 78대로 35
2e215a9e-d9e5-4d4d-87cc-d970b7d84492,정준우,Female,23,2002-09-27,대전 유성구 56로 39
b437d416-1694-4351-9778-3c302aa6bed7,정준우,Male,46,1979-09-13,서울 송파구 95길 12
dee32d1c-ae9a-4081-bb33-079bd3083d45,고민서,Female,9,2016-11-03,인천 부평구 82로 85
c111b70c-5192-4c05-84f8-6ee5a8ca0298,조주원,Female,25,2000-06-11,서울 관악구 88대로 69
72f90486-f119-4bf3-8889-c8f507e17e12,김서진,Female,52,1973-08-23,서울 송파구 99로 80
880cc679-56af-418f-b047-26fb27d7e078,박민준,Male,26,1999-04-09,서울 송파구 31길 22
12a89291-1621-4a44-970d-229e7404e0f0,임지안,Male,47,1978-06-25,대전 유성구 17대로 6
e689528f-92f9-4d36-a9b0-eea538e3fa49,이서윤,Female,64,1961-04-07,대전 유성구 74로 55
b97ac7d8-8034-40ea-a8d7-4358c81ff56a,윤도윤,Female,77,1948-03-25,서울 관악구 43길 12
fa425d7d-7d86-4485-8fa2-4ab169db410f,고민서,Male,45,1980-06-17,서울 송파구 50길 76
80b5c49a-8734-47fe-bca4-142363ef0ecb,임지안,Female,25,2000-09-01,서울 송파구 80로 82
758dc64a-6c9b-4141-bbf2-4a6132726b16,김서진,Female,51,1974-05-08,서울 송파구 13대로 72
a2e5a7f3-9ce2-4f10-a2c1-a26e86429654,조주원,Male,74,1951-04-24,시흥 정왕동 79로 35
02645d6e-306b-4f83-8e69-723f4cc4edd7,고민서,Female,35,1990-12-17,서울 송파구 86대로 69
ff7082fb-caca-497f-93c7-0284699f1653,노윤지,Male,65,1960-12-09,시흥 정왕동 93대로 4
70903c65-922d-4211-9d9a-0fc7a4ba2a11,전서현,Female,50,1975-07-03,서울 관악구 94로 68
1d3141a8-44a4-48cb-a1aa-ccd86c4f1565,조주원,Female,11,2014-12-07,서울 송파구 36대로 28
4858bde2-f703-49d8-a0b2-17ccf09eda06,박민준,Female,23,2002-12-27,서울 송파구 80길 19
a33e6f1c-fb86-44c8-95bf-51e3125ae0d3,김지우,Female,30,1995-08-06,부산 수영구 85대로 57
6651dfb1-7fc8-4866-b0cd-c203a5514fe8,윤도윤,Female,23,2002-05-03,인천 부평구 35로 9
74f476e8-6862-4eb7-90ec-9898c1287d63,안지원,Male,18,2007-08-26,시흥 정왕동 89대로 31
4dda1226-aa40-4a8c-bed6-7aa7b819b6f0,신하윤,Female,16,2009-04-06,대전 유성구 46로 88
fa78dd7d-e5e4-49a3-b0e3-68892b5066d0,한지민,Female,38,1987-09-28,서울 관악구 63길 57
8b0215c3-d455-45ff-ae11-c2963aab41bd,김예준,Male,10,2015-11-01,서울 관악구 14로 5
60d2608e-086e-4c06-bea0-b524b6ad584e,최서준,Male,35,1990-06-09,서울 송파구 83대로 93
e85d513b-5d3f-4220-b9bf-5abc03193163,권지유,Female,12,2013-03-05,서울 관악구 1길 40
48da51c8-a33b-4163-b375-ed2f11797be1,유하준,Male,59,1966-02-04,서울 송파구 35로 93
77edcdbc-7394-4f20-b535-683f4abc0b95,윤도윤,Male,41,1984-01-12,인천 부평구 58대로 20
ff5ec9bb-7ecd-4540-b1e4-8dcc473cacb8,위하은,Female,53,1972-07-18,대전 유성구 82로 88
e3a14706-e295-472c-8fc6-05a72a7c5bcd,신하윤,Male,34,1991-02-20,인천 부평구 11로 58
abf790b2-7ceb-479c-9dde-1298ce80cb3c,조주원,Female,57,1968-05-08,서울 송파구 83대로 8
7fda3c43-6a0d-4285-8e38-f9537727f148,유하준,Male,79,1946-10-04,울산 동구 95대로 84
99086d6a-6324-4818-b135-9e8b82af9276,최서준,Male,54,1971-07-13,서울 관악구 37길 37
4035a450-a4e6-4573-9ab7-5edd916e01ab,김예준,Female,66,1959-07-21,부산 수영구 44로 67
7610fce8-710c-48f3-a54b-676bdc6bf24e,유하준,Male,15,2010-06-14,서울 관악구 58길 90
5131d1bd-6c2b-44a4-9e14-9f8368aaa4e9,이서윤,Male,77,1948-02-12,서울 송파구 41로 91
1748d055-b7de-4230-a2f5-36d0d32ac220,김예준,Male,43,1982-08-13,부산 수영구 29로 38
d74bcf84-cc4e-402e-8148-ed13f4b6af59,유민,Male,69,1956-04-24,서울 관악구 30대로 87
b841d886-1be1-4ced-b613-46a4918c0a92,노윤지,Male,67,1958-04-14,서울 송파구 2길 79
d01cff4c-ca9d-468a-9aed-603984632758,전서현,Male,38,1987-10-16,서울 송파구 97길 83
1097a28f-0f0b-469a-86b2-fc7d0aa275b0,송연우,Male,20,2005-09-18,인천 부평구 24대로 70
56c661ee-2298-4c1e-84a3-26929f6b259b,강서연,Male,64,1961-05-24,서울 관악구 72로 54
1d088df1-8823-486b-9ba0-16f8a35439cb,김서진,Male,35,1990-01-24,부산 수영구 92길 15
b490f716-eddb-43d9-80b7-ba5b49210b6d,장시우,Female,59,1966-05-12,서울 관악구 10대로 7
c8ad9683-89f3-43de-806a-fe522716aede,신하윤,Male,24,2001-06-02,대전 유성구 3길 35
c86b7450-c66a-4652-ba0a-86088a428325,조주원,Male,61,1964-08-14,서울 관악구 34로 34
708032b7-ce2e-4dbf-bc1f-54fb65721c83,유하준,Male,77,1948-08-23,서울 관악구 24대로 41
cc939c1a-c7ca-462a-9aac-26767f53add7,권지유,Female,79,1946-12-17,대전 유성구 40로 95
1da99834-6029-4b1b-812a-c3e77dcb0652,윤도윤,Male,60,1965-06-11,대전 유성구 10로 34
133366d1-e9f3-4d02-a065-b97289394260,지후,Male,54,1971-05-17,대전 유성구 59로 18
d5fce11f-f451-4ac7-b500-9083b6868d06,임지안,Male,64,1961-08-01,대전 유성구 37로 64
abfa9815-313f-43e9-a8fd-64b7a149e5ba,김예준,Female,54,1971-07-14,시흥 정왕동 37대로 11
0744489c-1af9-4937-8508-e1e3bf892b54,유민,Male,48,1977-07-05,시흥 정왕동 9길 17
687650f8-2070-42a0-9a44-e71cb30e3263,강서연,Male,83,1942-08-19,울산 동구 92길 98
e61a4fdf-27f8-4159-9152-4e1ad93e1e96,안지원,Male,49,1976-02-11,서울 관악구 5길 84
0700257b-6189-4fee-8300-e4f7831500ed,고민서,Male,40,1985-01-11,시흥 정왕동 57로 65
fa2f031a-97b0-47d5-80bf-99a376c392bb,김지우,Female,21,2004-05-06,서울 송파구 64길 26
a62e8942-bfb3-4a63-87c0-b7fe27a30212,윤도윤,Male,28,1997-07-21,시흥 정왕동 40대로 8
df8c9456-2941-4fb5-a2f4-987f7e5519bc,송연우,Female,55,1970-11-07,부산 수영구 13대로 93
39710d8f-561c-4b37-890c-e61a41a09813,윤도윤,Male,75,1950-07-11,서울 관악구 73로 80
11140f50-110f-48b5-94c0-0cd257c39304,조주원,Female,76,1949-09-08,부산 수영구 29로 47
e0653707-3f69-4df9-9c06-0f9d9a244162,유민,Female,66,1959-12-20,인천 부평구 55길 42
f5717aaa-86d6-4b7b-bf89-2e052179b9d0,노윤지,Female,81,1944-12-08,대전 유성구 23길 97
49d9ce6a-b81d-41ee-b212-f23c1352efcd,이서윤,Female,53,1972-03-12,서울 송파구 62길 2
f9c5083a-2027-4d71-b952-afa67848af97,장시우,Male,57,1968-05-14,시흥 정왕동 84길 91
31f50431-c4f8-4f55-8c31-3744aaa7f6c2,최서준,Female,46,1979-01-18,부산 수영구 82로 30
e3039774-81a5-4990-85da-0a1edd89c544,안지원,Male,60,1965-11-17,서울 관악구 25길 24
dfa0dcb5-9732-46da-b7a4-fd52b835c9cd,안지원,Male,34,1991-11-06,시흥 정왕동 5대로 18
b5eeb2aa-a828-4543-a443-38abd85e4699,정준우,Female,33,1992-07-15,울산 동구 92길 57
548e24e0-27b7-4a09-8c3b-ea15a8608e31,최서준,Male,59,1966-06-20,인천 부평구 95길 65
06c8cfbe-57a7-45e5-9cd9-6721674274e4,강서연,Male,61,1964-05-07,서울 송파구 31대로 22
1d637a29-d99f-4ec0-a939-6ad283058655,김서진,Male,12,2013-01-18,인천 부평구 66길 22
56fb43d1-f7fb-4d50-8941-f8fef34e54ea,권지유,Female,26,1999-06-11,서울 송파구 55대로 62
7c6698b5-dd75-422e-9a12-468c9173a71c,송연우,Female,24,2001-04-22,대전 유성구 46대로 63
57167a23-bcd4-439c-b2b4-31066263df07,노윤지,Male,37,1988-10-20,인천 부평구 48길 24
138fb74c-3c58-46ad-8eff-3f09afd94f59,신하윤,Male,28,1997-12-22,울산 동구 30길 96
7c3a2edd-1101-41d6-886b-7884d72c44f0,김서진,Male,72,1953-03-04,서울 송파구 69로 62
1b14acd3-a028-4e4b-8da7-dd05e2aebc6f,고민서,Female,15,2010-11-11,서울 송파구 29로 74
38b8f159-f4d0-4e11-9ffd-0db6c6c2e9cb,김지우,Male,17,2008-03-14,서울 관악구 44길 57
9f30e906-a44b-4ae3-8ae2-aefa0649990c,권지유,Male,66,1959-04-03,서울 송파구 53로 97
2c50de1c-133a-421b-ba79-8dee0ae8e2e0,김서진,Female,55,1970-02-01,울산 동구 66대로 57
1f815bbd-5500-481e-ac15-bb195cabcb21,조주원,Male,27,1998-11-04,울산 동구 36길 83
13509f79-f5bd-47d0-ad7b-69243e3a84ee,지후,Male,56,1969-11-13,서울 관악구 40길 15
2e52ef98-3400-4d21-833c-1b1647f6db90,정준우,Female,30,1995-05-03,서울 관악구 88길 1
792f15a6-70e6-4812-8e59-f81684524d9c,강서연,Male,29,1996-11-02,서울 송파구 12로 60
955ab528-0bfd-4d5e-97cb-d7f9cb5716ea,노윤지,Male,11,2014-07-16,서울 송파구 62로 24
56098155-f161-430b-945e-9a3b74e8a36a,전서현,Female,78,1947-05-27,울산 동구 67대로 87
1483f166-3d19-4a32-9e7d-d00fbf18f648,권지유,Male,27,1998-02-27,부산 수영구 26로 57
76290551-9a9c-4ef3-883f-33cf6a0e1f90,서지호,Male,36,1989-06-01,시흥 정왕동 74길 24
1e3f79b1-dcc0-4c44-8dd9-94d012852f6f,신하윤,Female,78,1947-11-25,서울 송파구 52로 15
937af151-55ef-47b7-af9f-e26e4461ec06,지후,Female,84,1941-06-06,인천 부평구 36길 33
3de6e8be-66d5-4690-bfa2-691f55461deb,송연우,Female,26,1999-05-24,서울 송파구 20로 73
c5f5a7dd-339f-46d2-a340-d890e0a9a1b2,윤도윤,Female,33,1992-03-15,인천 부평구 54길 12
3aba565e-8f6b-4ccd-83af-5fbd3a3a41d8,조주원,Male,38,1987-06-15,서울 관악구 72로 100
22fd2e5b-0468-433a-922f-b37f3e49a1dd,이서윤,Male,29,1996-10-11,시흥 정왕동 43길 8
f231a701-3ade-42f1-af2b-294ea4e405a9,윤도윤,Male,31,1994-09-01,시흥 정왕동 78길 62
cebd5535-7104-4e51-aab7-ceef8227d4a9,노윤지,Female,60,1965-11-05,서울 관악구 85길 27
80fbb691-f040-4754-97e2-59b733989e77,권지유,Female,76,1949-02-28,인천 부평구 92대로 44
bc12d033-1bf7-40ff-9344-8ebcffec93d8,신하윤,Male,51,1974-06-01,시흥 정왕동 4로 33
8f688746-ddc0-479a-84fe-62f6baaf0a3c,임지안,Female,28,1997-06-07,서울 관악구 8길 41
9dc14f0d-50da-4205-94d5-1428a108b904,한지민,Male,70,1955-08-18,울산 동구 57길 42
1137d0e8-52ba-44b2-8f63-bd1d1ae929da,최서준,Female,66,1959-04-22,울산 동구 46로 27
48803a0e-5be7-4c13-b8c9-65b7f2d20f60,한지민,Male,78,1947-10-16,부산 수영구 68로 87
b1383b5d-201f-4f21-addb-86f712b085ad,조주원,Female,41,1984-01-15,부산 수영구 89로 75
929f6755-228c-4638-98bf-9f5df8e3fb61,유민,Male,55,1970-10-27,부산 수영구 37로 45
664d0c9b-2ca7-4f75-ba79-836382c59958,송연우,Female,69,1956-06-01,서울 송파구 55길 9
8c15f84c-7fea-47e9-a214-eaa75ff9b05d,유민,Female,15,2010-07-27,울산 동구 85로 32
bdacd22e-459c-4e9c-aa71-7bb88ed6ab87,유하준,Male,66,1959-03-10,대전 유성구 37길 7
7f0a2d00-1c99-4449-88ff-ac5d4e08f235,노윤지,Male,63,1962-06-25,울산 동구 7대로 66
f1cd9f6c-09ef-447f-a6e9-1197fe224a82,조주원,Female,81,1944-10-09,울산 동구 64로 87
8c3c93ab-5569-47c0-80bd-ada834ed4921,전서현,Male,35,1990-04-01,서울 송파구 47대로 43
72110e9a-4382-4cc7-81a9-fa8fc7fb7178,강서연,Female,29,1996-04-22,서울 송파구 15대로 3
a4dbbb75-22bd-4095-93b9-4b76c649038d,지후,Female,68,1957-08-26,대전 유성구 19길 53
8770c859-cd60-43e1-974e-421741789040,정준우,Male,28,1997-02-07,대전 유성구 10대로 76
ad32b2b6-d2d3-4583-8383-326e3c45a241,고민서,Male,49,1976-10-21,울산 동구 9대로 84
83497c15-60f3-44f9-a143-ac6eabe0a0c2,김서진,Female,61,1964-07-01,부산 수영구 67길 72
f355a3ff-1fac-4e05-bbaf-e2211a8a0f0c,장시우,Female,44,1981-11-27,서울 송파구 59대로 69
d7fca9ab-4f44-4e32-a9fc-547d9ee231a0,이서윤,Female,31,1994-03-25,울산 동구 67대로 23
b4dca507-fdb6-48ef-8f1c-c8cc957c4804,권지유,Male,57,1968-06-13,인천 부평구 81대로 13
cc5fb29c-ce78-490e-97f6-f51387dc2a53,장시우,Male,56,1969-08-17,대전 유성구 74로 39
d9670fba-b344-46f8-893d-6f99f09b9eb1,고민서,Female,31,1994-11-18,부산 수영구 78대로 47
d79cad74-e192-48ac-9057-eb05997a2103,김지우,Male,31,1994-12-11,인천 부평구 82대로 17
82e58edb-7e8e-4c60-ac3f-7cc59c87bd82,지후,Female,49,1976-04-01,서울 관악구 37로 66
7da76b58-6cd5-4f6d-8859-cec2ff77cee9,김지우,Male,36,1989-02-26,서울 관악구 26길 95
a73a771f-5c25-4db8-a01a-21602f22cb61,김지우,Male,51,1974-11-02,서울 관악구 3로 53
f761ea03-be51-41e2-a041-5ccea7f07384,송연우,Male,69,1956-08-20,서울 송파구 43대로 60
fff5b4bf-fd8d-45e3-8d7e-6eca7ecb8ab3,김지우,Male,64,1961-05-20,부산 수영구 45길 25
a9351d41-dc21-450b-a06e-17030f6f3073,최서준,Female,81,1944-02-17,인천 부평구 66길 77
10d04930-6333-4468-a06e-2a6ae176212c,최서준,Male,53,1972-09-13,부산 수영구 39대로 94
7bee53b3-d991-4461-a660-8a4da18b4824,윤도윤,Female,48,1977-05-01,서울 송파구 98길 86
c8cbf55d-78dc-4df1-90d3-b5c72f4ef032,정준우,Male,83,1942-11-14,시흥 정왕동 1길 54
6e4e21b2-e0d5-41ad-966d-b207cf420234,노윤지,Male,61,1964-04-19,서울 송파구 11대로 22
a2eebd01-2082-49c3-b897-046c9199be45,유하준,Female,67,1958-08-02,시흥 정왕동 83대로 22
8fb411f6-ae94-4b0d-ac65-63510acaefce,위하은,Female,82,1943-10-26,대전 유성구 88길 16
92e467df-bbee-4465-ba6e-0af680c6cbf6,전서현,Male,41,1984-07-23,서울 송파구 76길 91
95d259c2-c3a9-458e-b71a-36dbe2b75853,김지우,Male,22,2003-06-18,인천 부평구 32로 68
df757223-f961-4c18-82ea-998498b65871,박민준,Male,40,1985-07-08,대전 유성구 11대로 87
9b355ef5-7d7c-4d0f-908c-d538d3067d6e,전서현,Female,16,2009-11-19,서울 송파구 42로 77
e1570b3f-352b-4ea8-963d-4cbe383b80e4,권지유,Male,71,1954-04-10,울산 동구 16길 3
1cf0aeea-5ba4-4eb1-8aae-d9d58bcfdf98,위하은,Male,53,1972-02-04,서울 송파구 5대로 11
7b54eb3e-7768-4624-9a40-a0f1bae3ea35,고민서,Male,30,1995-12-23,서울 관악구 25길 57
ca8a93fe-948e-483c-9774-a1d53a457a6e,박민준,Female,13,2012-02-12,시흥 정왕동 15대로 79
4638abd3-9d19-44fc-82ee-edb85962628d,권지유,Male,31,1994-11-28,서울 관악구 18로 41
23f9a9d9-7b0f-4f02-b89c-dfbbfd219af8,강서연,Female,42,1983-04-17,시흥 정왕동 78대로 86
8cb939d2-ee15-4634-b3e0-24136f2dc8aa,전서현,Male,54,1971-11-21,인천 부평구 27대로 6
0bd4fa93-969a-42ca-b54b-350f58461bf8,서지호,Male,67,1958-02-13,서울 송파구 99대로 6
bd3211d7-22d8-4b9b-83c2-1d97797c1b4c,노윤지,Female,35,1990-07-02,시흥 정왕동 46대로 65
9dd0183f-c4f7-49e7-997d-fbe013794054,권지유,Male,27,1998-05-03,인천 부평구 49로 51
255270b7-ddec-4904-b50d-a2873ea97eae,김지우,Male,49,1976-04-14,인천 부평구 39로 36
1a9e1bf6-6d05-4fd3-bf6a-e18406cc9093,유민,Female,16,2009-08-25,서울 송파구 49대로 7
0a0f1c7e-b9d2-4419-83e1-91798e935906,이서윤,Female,32,1993-04-17,인천 부평구 1로 43
9f76a094-7b82-4fbc-8ede-557527f26aef,위하은,Male,42,1983-03-02,서울 송파구 82길 40
55e4aed5-6a7d-4e4d-86de-4a536a08c70a,노윤지,Female,27,1998-07-08,대전 유성구 31로 88
17422c17-dc4e-44b2-b0c6-ee64e801039d,한지민,Male,80,1945-01-13,서울 관악구 94길 25
41436516-8373-4851-9cae-b58fd2ac971f,위하은,Female,23,2002-03-11,시흥 정왕동 16길 61
0bac211a-0c20-4a96-ad13-552557cbb832,이서윤,Male,40,1985-12-02,서울 송파구 17길 6
1e5f7c73-2493-4fd1-b59e-c1fae8d4d7fd,조주원,Female,44,1981-04-01,서울 관악구 80대로 100
27c15a7b-cdc3-4eb0-9fc3-9c4306fd600e,윤도윤,Male,19,2006-04-23,대전 유성구 96로 63
756e5c9a-cb59-41ff-aca6-469959795ae4,정준우,Male,28,1997-09-13,대전 유성구 98길 4
bd7fd358-0734-4047-90a0-74e6556a14aa,윤도윤,Female,62,1963-11-01,서울 관악구 98길 68
d50718b7-61e5-4e47-8fc7-063f2be8a829,윤도윤,Female,45,1980-05-27,인천 부평구 1대로 56
c32541dd-624c-42e0-9b6e-406d8ee1c856,이서윤,Female,23,2002-09-27,서울 송파구 47길 35
4ae7b8b7-2854-4c95-8b00-fa673d795385,위하은,Female,51,1974-02-01,서울 송파구 55길 73
493b0bdf-3055-4500-b76b-d41ff6686bbe,한지민,Male,67,1958-11-21,서울 관악구 46대로 5
d4b719de-bcf5-4a81-a4ca-89afabd3b0a1,윤도윤,Male,76,1949-04-14,서울 송파구 82대로 73
01128b8d-3bef-42b9-80d8-7a823455711d,신하윤,Male,85,1940-02-20,울산 동구 55로 5
6b89346a-f666-492d-aa51-b1579c877760,조주원,Female,14,2011-10-06,서울 관악구 19길 54
4167094b-beef-4171-9cd7-2746c9d57489,유민,Male,44,1981-04-24,부산 수영구 45대로 63
199f99a0-cdfd-4281-9d6c-d06b96f08d17,고민서,Female,35,1990-01-22,울산 동구 19길 8
016da643-7ad9-4cf6-bc80-676fdb021ba1,윤도윤,Male,63,1962-01-28,서울 송파구 62대로 91
0ff35859-2d55-49d6-b652-490267cb766a,장시우,Female,57,1968-05-06,인천 부평구 69대로 17
9e533f84-822e-45dc-8bc3-3a40e3247025,이서윤,Male,76,1949-08-23,서울 송파구 67대로 49
80fb49eb-cccc-4e86-9a3a-ec4810a1b0f9,위하은,Male,35,1990-04-02,대전 유성구 65길 90
89263d66-1d93-44df-84ac-f5e225614da8,최서준,Female,23,2002-04-01,시흥 정왕동 41길 57
215e0eb0-2de8-411c-aad1-f28e60491428,정준우,Male,60,1965-11-12,시흥 정왕동 75로 15
374bedf3-7ad2-4b3a-91ae-e05ccd12006f,서지호,Male,23,2002-06-22,울산 동구 81로 37
bdaee154-c6f2-4190-b697-5c93cf3de819,박민준,Female,34,1991-08-03,서울 관악구 77로 40
43758624-7690-4c36-ace6-1aea19b3a1f7,김지우,Female,61,1964-12-12,울산 동구 98길 19
e93e4dfd-9da3-48e4-8596-664e3a799f86,고민서,Male,62,1963-06-14,서울 관악구 7로 59
63a33153-51bf-4b3e-ae21-96f300ff8135,장시우,Female,38,1987-01-05,울산 동구 80길 93
9ff7bd84-7bc7-4f75-ae75-1b37f557a569,강서연,Female,43,1982-05-05,대전 유성구 76로 36
e4a3434f-9544-47fd-a1fb-66905e1b4433,지후,Male,85,1940-02-01,울산 동구 98로 17
d81adb33-4263-4685-83a7-889e24aad548,유민,Male,75,1950-03-25,서울 관악구 64로 38
15c7a9ff-9e1c-41a4-85c5-90ed7a99794a,서지호,Female,78,1947-05-05,시흥 정왕동 62대로 49
8d615d43-8c67-4d20-b66c-7a771592f23b,전서현,Male,10,2015-08-26,시흥 정왕동 32길 56
234ba5e3-c63b-44c6-8e80-46a2979f4884,정준우,Male,84,1941-02-11,대전 유성구 100로 20
040a8cf9-a30d-48fe-88bd-5b30061fcf49,윤도윤,Male,19,2006-02-26,서울 송파구 79길 28
124508bb-4e22-40ca-8d3c-3fc9813dd32e,김예준,Male,37,1988-07-22,인천 부평구 18길 49
5e86cbad-a44c-4254-a841-e69c069a1776,유하준,Male,54,1971-04-28,울산 동구 51로 21
ab609841-f76b-4e96-a0e8-0bcaa3a63d45,정준우,Male,68,1957-07-11,시흥 정왕동 81대로 25
4f9ef835-4ca8-415e-ae68-015b1011fd93,지후,Female,38,1987-02-10,서울 관악구 23대로 30
f7892f1e-8ca9-4f3f-8584-0fd4ffca2179,임지안,Female,13,2012-10-27,서울 관악구 26대로 72
f9b49846-af0a-41ae-8d2f-0b5bd64b3981,유하준,Male,21,2004-04-04,부산 수영구 66대로 58
7314e7f2-e07d-4901-9f40-6d673e093483,한지민,Female,32,1993-12-17,대전 유성구 51길 61
a3c2f4db-c382-4eea-8510-20d026ca8a8f,조주원,Male,16,2009-01-18,대전 유성구 53길 13
f9e2c0bf-408b-422e-aeab-8ef269aab535,임지안,Female,49,1976-10-09,서울 송파구 53로 61
e618506f-2f46-4331-82e4-6feb6196c940,이서윤,Female,47,1978-10-15,시흥 정왕동 70로 91
83624e8b-da08-4071-8b9e-03e8e65d9a24,한지민,Male,76,1949-06-21,서울 관악구 71길 85
4493fb96-a171-44df-8fde-1b84d41d3aa7,이서윤,Female,67,1958-03-09,부산 수영구 41로 66
75fd6fc9-6b96-4334-9fc6-bd6d05f28d96,송연우,Female,15,2010-10-16,서울 송파구 32로 44
dc53d44c-abab-4dbf-960a-7ff5658cfbe1,서지호,Male,78,1947-07-22,울산 동구 18대로 69
b67f09d5-d09d-4055-be90-786a2508ad7f,안지원,Female,64,1961-10-02,서울 송파구 60길 73
1cc64e94-e397-4487-99bc-eb1eefb14ebb,서지호,Female,57,1968-08-05,울산 동구 59길 7
5975bea7-3a8b-4c1a-b26a-f3a4e7d040c0,김서진,Female,20,2005-11-14,울산 동구 66대로 38
73f27d73-43c1-46a5-b1a3-e9c81710d397,장시우,Male,19,2006-02-19,대전 유성구 39길 33
7992f005-201d-4bd2-8644-e521da9b7e15,유하준,Female,28,1997-07-07,울산 동구 99대로 57
0253d4cd-48b8-448a-88b8-f6103b3496c0,최서준,Female,25,2000-02-22,서울 송파구 95로 68
5c1f7725-4049-4862-9a3a-fe0c4bf8b498,정준우,Male,57,1968-02-23,인천 부평구 60대로 13
85140779-c9cb-49e9-b96d-f992e80efe79,김지우,Male,10,2015-12-27,울산 동구 11길 13
4ac4681b-b812-4bcb-8f40-95f0c94ac6ad,최서준,Male,56,1969-02-11,부산 수영구 71로 68
3dcf20ca-760b-4579-b8da-d5d26c8d40d5,지후,Male,77,1948-03-26,서울 송파구 10길 11
1470f99a-f44c-4b4b-8baf-184bf66bc87d,전서현,Male,76,1949-01-19,울산 동구 74길 44
f9eba47b-d14e-4aa9-a8e9-1ac4f87197b6,서지호,Male,82,1943-10-26,인천 부평구 45로 26
770a0ad5-285a-4e80-8523-d62b3adba327,고민서,Female,85,1940-05-13,시흥 정왕동 43길 79
e8fb79dd-aedf-4b04-b2c2-bb30c3daab38,지후,Female,64,1961-07-17,부산 수영구 28길 5
961aaeb0-278e-4793-9eeb-501c41fab448,김서진,Female,24,2001-09-23,서울 송파구 25길 48
74543810-81e8-4a91-8313-e03063257618,유하준,Male,14,2011-10-05,인천 부평구 27로 57
69dc39a7-747d-4306-b168-c3551aa1a69d,임지안,Male,51,1974-03-12,대전 유성구 63로 72
01f8b34a-c285-4abd-8954-3944a23ee7a6,송연우,Male,52,1973-03-02,서울 송파구 28대로 20
8db18870-d049-4559-9362-8f8c6e920def,정준우,Male,35,1990-03-27,인천 부평구 83로 20
16765b59-36d7-4417-8d87-1509b6a20ed5,박민준,Male,47,1978-07-07,울산 동구 16길 27
414ea5a4-f587-4316-a18f-3371261e1eff,정준우,Male,30,1995-12-11,시흥 정왕동 65대로 81
25338570-8023-4dda-aec3-cefcb3b34592,한지민,Male,69,1956-10-25,시흥 정왕동 18길 46
0da37988-f6f4-4dd5-b496-315aeeabba9e,지후,Female,18,2007-12-05,울산 동구 17대로 21
efd1ddf0-c95c-4d4c-a8d9-24723d23615f,정준우,Male,51,1974-10-12,부산 수영구 97길 27
225d7028-c2b4-46de-a2c9-ee11c5af3a8f,유민,Male,53,1972-08-28,인천 부평구 77로 73
5732d683-39d0-4623-b8b1-71d2fdb48ef8,최서준,Male,23,2002-02-01,울산 동구 80대로 31
a982bad4-546d-448a-b819-1c8bde22d897,신하윤,Male,50,1975-10-02,서울 관악구 49길 84
993fa916-2d1f-4943-be71-89cdb159ae5b,김지우,Female,85,1940-08-13,서울 관악구 94길 85
784585cc-185f-471d-bd73-577e38872166,김지우,Female,48,1977-01-23,대전 유성구 88대로 73
a1d61398-fa65-4c51-8433-8036879675a0,임지안,Female,56,1969-03-04,대전 유성구 36길 85
74be4903-d5e3-4954-a852-eba0cc70ef7c,서지호,Male,10,2015-07-18,울산 동구 57길 21
8aa16ff7-4829-4cdc-b42b-1bb56f5406b8,고민서,Female,42,1983-05-15,서울 송파구 10길 34
3e631ee5-6348-4c95-b224-a3f4a0694c01,이서윤,Female,33,1992-09-05,대전 유성구 65로 52
2e13034a-6daa-40bf-a040-99fc9404e2ce,박민준,Male,49,1976-04-14,대전 유성구 61대로 56
f440689c-faa6-4a14-acf7-dc834378cfd5,지후,Male,75,1950-03-15,부산 수영구 50로 83
871de818-14ab-4625-8d7b-4f895e18c2a0,위하은,Female,35,1990-07-04,서울 송파구 12로 89
2e033056-2732-4279-b562-839daad34a01,권지유,Female,57,1968-11-25,부산 수영구 95로 73
64ecd066-e46e-487c-8023-2d7b0ee4aff0,박민준,Male,16,2009-03-23,부산 수영구 59로 20
48c0e94f-fa37-4121-b5c8-7dd04a11bded,김지우,Male,43,1982-12-07,대전 유성구 54길 10
0da6696c-21ac-4244-adc2-469c8328a0e0,유하준,Male,44,1981-05-22,서울 관악구 73길 17
3881c508-d161-4c2f-951a-5d92903fba12,고민서,Female,33,1992-07-01,부산 수영구 93대로 17
592ab984-9819-4711-9412-51d752d262b4,위하은,Male,21,2004-05-10,인천 부평구 46대로 8
cc36ae9f-5e30-4c66-b830-85ffa69fabbf,박민준,Female,16,2009-05-23,대전 유성구 87길 97
21e4c177-d21c-4f13-b7c6-fe4dfacd4f87,유하준,Male,82,1943-10-25,서울 송파구 33길 70
76d8fc75-3c6b-42fd-84a5-195ee4c46bcd,서지호,Male,43,1982-07-12,서울 관악구 39대로 48
58737380-71d1-441f-9a1c-efd5dc5e5caf,김지우,Female,34,1991-07-16,인천 부평구 17길 54
e1754410-531c-4785-8acf-81dade75b4af,장시우,Female,55,1970-11-23,서울 관악구 62길 41
d26b0257-073c-4226-9461-6e701fdb2805,지후,Female,10,2015-10-14,서울 송파구 3길 30
6e60bde0-6a17-4346-acee-92a247889184,김지우,Female,71,1954-06-07,서울 송파구 10로 64
9ac0c7ba-c73d-4f8b-9d93-37d48ed56deb,서지호,Female,31,1994-03-10,부산 수영구 48로 53
6b10092d-30c1-4659-9187-2bfe658d2f0d,윤도윤,Male,64,1961-12-01,인천 부평구 29길 5
0081d8d3-a9b6-4ef9-ada3-495050c907d6,노윤지,Female,37,1988-04-12,대전 유성구 3로 16
8d65df88-b925-4d54-85d8-2fdc499620b2,한지민,Female,19,2006-11-22,서울 송파구 53로 62
49c143b7-1d8f-497d-8777-2f27c25b13bd,최서준,Male,65,1960-04-18,시흥 정왕동 7로 65
8d9c1a62-35ec-4a43-ad50-3972f7bc8307,박민준,Female,36,1989-12-16,울산 동구 83길 62
12338f84-49aa-452d-a6fa-7de2d2627e8c,유하준,Male,13,2012-03-27,서울 관악구 78로 68
8d5ea727-e4b1-4150-b0e7-66426e177370,유민,Female,40,1985-04-06,대전 유성구 80길 28
f82cb864-48d5-4ad2-a42a-189d8a479cf3,지후,Male,14,2011-11-25,서울 송파구 64길 3
e4737c43-56bf-4a80-a4c0-5a7228efdd7b,정준우,Female,56,1969-11-10,울산 동구 5대로 82
1a7486fb-658b-4819-b31b-b0deeb7f6c96,유민,Female,69,1956-01-16,부산 수영구 63길 85
8b8c0b1f-d043-4855-81a9-0ec045d4d691,서지호,Female,66,1959-07-16,부산 수영구 26대로 55
15439858-d6a4-41a2-bc85-d8fe9288ced7,노윤지,Male,44,1981-03-02,울산 동구 59길 16
936cdd0b-bd85-4aa4-aa2a-43c314c42a97,임지안,Male,18,2007-08-25,서울 송파구 12길 20
230f8f48-2f6f-4ca6-bd6c-79150d4bab66,최서준,Male,25,2000-06-02,서울 관악구 96길 75
c1e71bb3-6468-4226-b9f1-3a3687aab325,임지안,Female,46,1979-12-13,울산 동구 90로 38
9690144f-398a-4849-93e3-1d2d1e41e2b7,서지호,Female,79,1946-04-17,서울 관악구 34로 34
26e5b430-fb16-46d8-bd0b-8e27d7c0f036,조주원,Female,82,1943-12-08,부산 수영구 96로 46
dab937e3-064e-458e-9df6-22da6944a64c,최서준,Male,26,1999-08-06,울산 동구 19대로 82
3299db53-927d-4d65-929f-1552b20597ac,전서현,Female,69,1956-08-06,서울 송파구 37길 52
afdb6f44-32d8-41f9-b150-e23622dacb98,박민준,Female,19,2006-03-23,시흥 정왕동 82대로 88
ef21da1f-4c34-4e77-b141-24fe685e11d9,김서진,Male,68,1957-05-11,대전 유성구 4로 67
8c11a48e-14d2-401c-bbf1-a39a229327cb,한지민,Male,84,1941-08-19,부산 수영구 72길 21
1decdb0a-c95c-45a1-b243-c6f0932b658e,윤도윤,Female,30,1995-09-03,시흥 정왕동 27대로 49
c95e60f5-9872-4fb5-8501-1acd5448a96b,이서윤,Male,33,1992-06-18,서울 관악구 54로 50
a73f0e8d-d68a-4a41-b2eb-d26da701e561,정준우,Female,47,1978-05-04,울산 동구 46길 54
2d0a0ed8-45b3-4fa2-8858-3da98d87fa3c,윤도윤,Male,60,1965-05-06,울산 동구 14대로 37
8d84806d-a833-4727-b9e6-c16b55208292,송연우,Male,85,1940-10-15,부산 수영구 67길 48
78cb4d8d-5290-45de-85cc-0a5c53f57a13,장시우,Female,9,2016-01-06,서울 관악구 20로 60
1ea25e4c-2ec2-407e-abf0-8a126406532e,전서현,Male,29,1996-01-26,시흥 정왕동 9로 88
2243aa35-6913-4d63-bbfc-2db56b043331,최서준,Female,17,2008-01-26,울산 동구 73로 20
4f71cd74-dbd3-427f-98ed-fa022bd361f7,권지유,Male,71,1954-05-23,서울 송파구 18대로 71
9544369a-ddfc-4451-9512-3d47afb908a7,임지안,Female,25,2000-03-05,울산 동구 45대로 100
d1ea6ca2-e9fd-441c-8fda-8dc5ae8ec6c4,신하윤,Female,59,1966-03-09,시흥 정왕동 8대로 78
039db75b-7397-4f38-809c-28371e5c78d5,한지민,Male,30,1995-04-24,시흥 정왕동 72길 50
b46ae910-5f05-47f7-81a1-910cdb13a5d3,강서연,Male,66,1959-09-11,울산 동구 22로 36
76b07b6f-98dc-455e-b6d9-5482000be124,장시우,Male,66,1959-02-23,부산 수영구 19로 78
c755e9d1-d153-4b1c-a048-074ee5e0ba26,이서윤,Male,61,1964-05-16,시흥 정왕동 51로 83
e39c0570-1939-4320-9404-533bb6708ea7,김예준,Female,59,1966-01-23,부산 수영구 25로 92
9bf04a37-d26d-4a1a-b29d-04b1bfee909c,전서현,Male,51,1974-06-04,서울 관악구 32로 31
e4edcf1b-386f-4311-9b15-a8d8f7e2969e,지후,Female,13,2012-10-10,시흥 정왕동 36대로 22
0d7eefdc-6946-4f0d-9b65-00482f8ed04e,한지민,Female,71,1954-05-18,서울 송파구 8대로 85
892ce712-adc8-4468-8813-b714e76a0c5a,한지민,Male,9,2016-06-02,울산 동구 71길 74
3269cfd9-d47b-4dc6-ab14-a015c8a2b24a,강서연,Male,38,1987-09-14,울산 동구 88로 100
0e6b5560-15d6-4fc6-9ed6-150806bc1de8,박민준,Female,14,2011-09-22,서울 관악구 58대로 46
f098cefc-2556-45e4-a2ff-e98690cc32f4,안지원,Male,73,1952-09-20,서울 송파구 74로 60
a77a4333-3fd2-4460-a7c9-153082c5dd6a,김예준,Male,39,1986-08-06,서울 송파구 89대로 34
dde73d68-577d-49b9-880d-465b19b3b920,한지민,Female,74,1951-09-02,울산 동구 98로 63
8b6d001f-cce9-4cc8-8ee6-b98cc09ce359,노윤지,Male,33,1992-06-26,울산 동구 32길 64
9c5bfc97-3d5b-4a86-99fc-9818fee81917,이서윤,Female,82,1943-04-05,대전 유성구 38로 33
7f7221e5-f91f-48f7-87bc-b628ae4b020d,김서진,Female,29,1996-09-01,부산 수영구 42로 89
03770ddf-f645-4c6a-bf6b-182d8239e8a2,유민,Female,41,1984-12-07,서울 송파구 55길 25
eca27ede-a00a-4931-844c-3da1d453c6ad,안지원,Female,34,1991-04-13,서울 송파구 60길 43
6aa08cf9-b973-45ca-a52d-3c7ae6077a38,최서준,Female,36,1989-02-17,대전 유성구 17로 98
7b44832e-db9a-47ad-8735-d5a618158153,지후,Female,83,1942-07-19,서울 송파구 80로 43
67dbb4aa-6f43-421f-a8c7-d2d42f749e9f,서지호,Male,69,1956-12-19,울산 동구 90로 3
17313fde-9fd6-470b-ba24-333d63d14877,박민준,Female,42,1983-11-08,서울 송파구 33길 87
b85a2b59-c7d3-413f-888f-d92cc9531a6f,한지민,Female,67,1958-12-21,서울 관악구 61길 35
ae57d46a-7a65-4e87-b33e-1490541432bb,서지호,Male,32,1993-06-11,인천 부평구 87길 69
ca48a14a-cb8b-401e-a878-da4507b6d5e4,이서윤,Female,27,1998-06-11,서울 송파구 4로 86
9bfd4f07-d2e4-40a6-8d1f-8dbccc6c358b,김서진,Female,20,2005-10-08,서울 관악구 3로 12
957b943e-e4f3-42fa-9cd6-19aff21a317e,유민,Female,56,1969-12-26,서울 송파구 45로 2
36ad0405-b411-4c03-908d-5e1dc657abeb,지후,Female,27,1998-12-05,부산 수영구 11대로 76
29520673-a20c-4f03-98d6-e6a0dd8858b2,윤도윤,Female,41,1984-01-15,부산 수영구 95대로 13
ed129e82-9649-4897-bef2-da830ea53358,한지민,Female,54,1971-04-17,시흥 정왕동 27대로 100
0fd8a6cd-8e1c-4c50-b65e-e42becb61903,강서연,Male,16,2009-07-06,시흥 정왕동 21길 11
a2efdd9e-6ed6-437b-8e04-a457bf340414,최서준,Male,50,1975-12-07,울산 동구 42길 93
63c751d1-408d-4d81-b5b8-376613f7559b,고민서,Male,33,1992-08-09,인천 부평구 98로 3
f211a09f-9e83-48e4-9ca0-ed50abc173e8,장시우,Female,24,2001-07-25,인천 부평구 46길 3
8b6dda23-5c20-444a-b9c1-22acb6471ad8,김지우,Female,82,1943-07-17,서울 관악구 91대로 22
341e2474-cead-4479-981b-8c0216aefca5,지후,Male,63,1962-09-25,울산 동구 91로 14
c6d76d94-a4ee-46c0-a281-4ecfaca57260,신하윤,Female,18,2007-01-26,서울 관악구 73길 78
55f2fb87-92c9-4a96-b86b-b7116a3d57fd,신하윤,Male,59,1966-03-03,시흥 정왕동 29로 80
beaca996-3fad-4dd5-b109-7faf0f4f4f1e,이서윤,Male,57,1968-11-18,서울 관악구 16길 51
292b7a63-d00b-495c-ab28-a45d3c244b65,안지원,Male,63,1962-06-08,서울 관악구 2로 98
d6c423fb-b8d1-459d-bd60-63b05acb4a96,김지우,Male,22,2003-06-20,시흥 정왕동 58로 84
92892c13-9fd3-4266-8353-73766a2ea73d,서지호,Male,12,2013-12-06,인천 부평구 1로 98
693deff9-8cd3-4ef1-be77-23d8d8358688,정준우,Female,9,2016-09-08,인천 부평구 78대로 93
7d5e54b9-a616-4496-a4e5-1057d50b7e39,송연우,Female,9,2016-01-25,인천 부평구 99길 96
8c8f50b6-7e06-4ef2-8ce6-baf7b959f829,권지유,Male,25,2000-02-12,울산 동구 56길 19
ec44151a-5b9e-41e3-8d7e-2b865d921d4c,윤도윤,Male,23,2002-03-05,부산 수영구 38대로 100
91fa54b9-c61c-44f7-95b7-c934d3db44ed,조주원,Male,27,1998-03-10,서울 송파구 66길 80
936ee10a-8f65-4dd4-8e6d-fdbf9f615f6c,송연우,Female,65,1960-08-01,서울 송파구 92로 25
4e81857a-e4c1-4fe4-ac50-75c5a659691f,박민준,Male,24,2001-09-24,인천 부평구 8대로 82
7c57e93d-8280-4017-ad73-93bf8a0b288c,최서준,Female,85,1940-11-11,인천 부평구 28길 43
b1f80c7c-49f8-486f-8028-d9324d1dc0cf,권지유,Female,24,2001-01-12,서울 송파구 63길 48
948b9577-8ae1-484d-8990-5e165d8ffdbf,유민,Male,64,1961-04-08,대전 유성구 93대로 80
4b911aa8-bd1a-4d69-adba-19b8bfa2de27,조주원,Female,57,1968-12-13,인천 부평구 70로 94
2ff6942a-2826-4844-be2b-41909b8a8458,윤도윤,Female,18,2007-06-20,대전 유성구 69로 51
470a1dc8-a40d-4c58-9d89-dae4582b08bb,송연우,Female,28,1997-04-22,부산 수영구 55길 87
84ade461-4b8e-4f35-9160-cdff15298860,김지우,Female,14,2011-03-13,시흥 정왕동 65길 10
9b46b3a9-ab52-4844-95a4-baf0afe2de5a,한지민,Female,28,1997-08-21,인천 부평구 5대로 16
fb57eab1-968a-4b90-81e3-13e126f46322,서지호,Female,32,1993-12-28,시흥 정왕동 46로 39
14ba4b4f-7bec-42cb-b5c4-16254e18f1a8,윤도윤,Male,14,2011-08-28,서울 송파구 48로 24
979da131-4a5d-4313-a1ed-98f01cb66861,노윤지,Male,85,1940-11-01,대전 유성구 57대로 83
2e66cf92-afed-43d3-a17b-cc16e6c5b187,장시우,Male,35,1990-11-05,대전 유성구 32대로 26
4bfe10f7-cb81-4d7a-9c8c-cac59860a9ba,윤도윤,Male,50,1975-06-13,울산 동구 55로 20
79089cb3-4536-4383-bea4-006cbf509cbc,김예준,Female,30,1995-05-23,울산 동구 48대로 74
b7e9b651-3ff0-4776-a8da-d4490092b77b,조주원,Female,24,2001-03-06,대전 유성구 63대로 38
1bb0210c-a88c-4355-94a4-aca710ba534f,장시우,Female,26,1999-08-24,시흥 정왕동 35로 14
da009b67-8a84-4b56-ad29-d63ab4a1b17c,김서진,Male,21,2004-05-16,서울 관악구 15대로 48
06d22a5b-e695-4055-9a20-a7335b4e237b,조주원,Male,56,1969-09-07,시흥 정왕동 28대로 64
150e6f3c-381c-4b1c-8652-dee1e9a98c94,이서윤,Male,23,2002-01-24,울산 동구 85길 55
095d5c58-ee2e-45b2-83ac-6049e24b91d6,노윤지,Female,35,1990-07-27,서울 송파구 41로 56
0808641b-75d0-4d98-8506-02252b0e990f,신하윤,Male,11,2014-12-25,서울 송파구 78길 76
f1b01b04-da14-47f7-87b5-30cbb883a9a5,고민서,Female,52,1973-12-01,인천 부평구 30길 29
97254454-5955-4f0f-a0fd-89aedfd9eadc,김지우,Male,61,1964-11-14,서울 관악구 4길 76
79e29dbf-1f6c-4fe0-8159-a919d1a3c771,송연우,Male,51,1974-07-19,서울 송파구 78대로 41
ce48c31e-2cb6-4c86-9091-40abdbc15c0d,이서윤,Male,23,2002-04-22,서울 송파구 97길 46
83ab082a-2e2c-4a1b-88b8-3f1db0ef6d51,강서연,Female,40,1985-12-02,대전 유성구 91로 88
7949d320-addd-449f-b550-a1dbb50153ac,권지유,Female,33,1992-04-09,대전 유성구 94로 59
fc20025b-db69-4ac8-bff7-4580fbcae86d,유하준,Female,77,1948-05-25,대전 유성구 59길 28
810b9fd3-1548-479a-a275-ae4c3b70179b,유하준,Male,69,1956-12-13,서울 송파구 91로 54
952542f8-76f4-4e3e-83c2-70b69a687cab,김예준,Female,39,1986-05-23,시흥 정왕동 34길 35
3987061c-dbe3-40ca-996d-9e1adad4fa4b,최서준,Female,24,2001-01-07,부산 수영구 100길 98
8b61eb75-58f9-4faa-88de-82396bdf1cb1,조주원,Male,80,1945-07-17,인천 부평구 28대로 96
403f021a-491b-4a5d-ae55-651da01976bb,임지안,Male,19,2006-02-20,서울 관악구 35길 96
344c3279-3746-414f-bd57-4cbda0e59232,신하윤,Male,23,2002-10-15,인천 부평구 37대로 98
e647955b-7557-48c3-b779-a9d3bc0618b9,전서현,Female,28,1997-04-20,서울 관악구 28대로 63
304ac014-4384-4d16-bda4-ae960c154f7c,윤도윤,Female,31,1994-07-14,울산 동구 1길 67
544f943c-3266-4372-af65-fa7868039b4d,박민준,Female,77,1948-01-28,서울 관악구 42대로 66
73f60888-e2b6-41dd-b162-afcb7f036df3,유하준,Male,83,1942-02-15,서울 관악구 73대로 60
30f6288a-f2d9-42de-9225-29caee153a47,강서연,Female,13,2012-08-23,서울 송파구 73길 99
37e29c40-374d-4652-a80c-55d7fdb471e0,김지우,Male,69,1956-04-26,서울 송파구 54대로 8
aa6fdf9f-50b4-4d00-9a70-4eab272bfc59,임지안,Female,44,1981-09-18,대전 유성구 1로 84
1973365e-79aa-41b5-9e53-ffb82e3eba34,전서현,Male,27,1998-06-19,울산 동구 91로 64
1c0f968d-9447-4982-9d96-2d42795fa37f,윤도윤,Male,42,1983-04-06,울산 동구 89로 47
8e8bf51b-f5af-49dc-994c-88a74b7ee15a,최서준,Male,58,1967-08-06,부산 수영구 1대로 78
b08f4b5e-751f-49f1-8b46-f65a47657875,고민서,Female,17,2008-09-24,대전 유성구 2길 45
30ac445e-94a0-4e0f-8036-9445f105c8f2,김지우,Male,30,1995-04-13,대전 유성구 32로 47
058e7265-1a6e-4e90-895b-4d15d6b3efec,권지유,Female,63,1962-05-13,인천 부평구 12길 4
63c21541-3170-4fad-9317-3534ff7d6a56,전서현,Female,22,2003-07-01,울산 동구 59대로 39
d8a4d8d6-27c8-42de-8585-6201d5976dad,지후,Male,10,2015-03-13,울산 동구 59길 10
8e08ddee-a5db-4362-9ed5-f8b22ed1b28b,김지우,Male,46,1979-04-08,시흥 정왕동 49대로 93
7e953265-e580-4325-810d-b31d4bb2d008,전서현,Male,36,1989-02-23,시흥 정왕동 86길 55
f257a121-d9ae-4f81-a8a7-713f04f2f080,권지유,Male,33,1992-03-21,서울 송파구 98로 40
a5f48402-ef56-4008-825e-dd10410f1938,김지우,Male,69,1956-06-20,서울 송파구 44길 46
66328cdd-8b27-4883-bf1d-a411f8190330,지후,Female,53,1972-02-23,부산 수영구 54길 70
72e55a63-557f-4d31-84ae-a85c9f63d4a0,한지민,Female,10,2015-05-05,서울 관악구 43로 62
16965ba5-bd5b-480c-908a-b667fbf48f6e,위하은,Male,61,1964-08-19,부산 수영구 23로 49
4cf5b651-cdc0-425a-a99c-f76f1b06da8f,노윤지,Male,75,1950-06-19,서울 송파구 76로 82
06b76e05-fc60-4e8e-8088-4a91e32f16e2,장시우,Female,33,1992-03-06,서울 관악구 61로 31
0ffda681-29f3-4e15-b51b-12733e1b3894,김예준,Male,77,1948-02-14,서울 송파구 21로 88
f07bf92d-f8d0-4ede-af69-f6a00b09580f,이서윤,Male,55,1970-12-25,울산 동구 67길 72
8929d38c-af55-4d7a-b3e1-27fa7e52458b,조주원,Female,27,1998-04-02,서울 관악구 87로 39
7412f66a-ae9c-4b2a-8cad-00c470c1273c,임지안,Male,68,1957-02-14,서울 관악구 53로 98
274982ea-c7f9-4fdc-90f5-495f32239825,전서현,Male,62,1963-12-03,인천 부평구 70길 13
e041a24b-8574-44d5-8525-02ee5def7e5c,고민서,Male,14,2011-10-20,서울 송파구 4대로 72
57a4790a-fc5c-439e-a2da-b7b7cc6cf18d,안지원,Male,84,1941-12-03,대전 유성구 8길 17
98389c83-94cd-44e9-af67-e1bb6e1a1851,이서윤,Male,57,1968-02-15,울산 동구 34대로 60
4b801dcb-0655-4e3f-af99-c5cce28107de,김지우,Male,34,1991-01-22,서울 송파구 70로 12
e755b5e4-5d9c-4bbc-95fc-406b28dd0916,김예준,Male,37,1988-10-14,서울 송파구 3로 88
69df66c6-bcef-407a-a8dd-954a8d469eb4,임지안,Male,70,1955-02-21,시흥 정왕동 24길 61
63ce13d0-ae85-4c70-a6a4-9aebf0a53f23,고민서,Male,51,1974-12-16,서울 송파구 57대로 35
c51e107c-6335-4294-8228-f36bc6a1bafe,정준우,Female,41,1984-09-17,서울 관악구 21로 84
744c15a5-2e70-4f12-af7e-5508f18e8a39,고민서,Female,30,1995-10-28,시흥 정왕동 2대로 90
01238691-a586-49cb-b49f-064dc3ae9ff1,고민서,Male,61,1964-03-01,인천 부평구 98로 49
14f5ca43-d4aa-4cb7-a6e9-556ca0bf143d,지후,Female,58,1967-06-21,울산 동구 13대로 22
a0accd41-921d-4837-b4f6-81765f1cd8e7,유하준,Female,35,1990-05-08,시흥 정왕동 70대로 23
844d57fd-6182-4149-956c-f01b3937cfbb,김지우,Female,10,2015-11-24,서울 송파구 92길 47
a693cc43-0dcb-42ad-9f5b-a28d7b532d10,송연우,Male,49,1976-07-26,인천 부평구 48길 52
a65df66d-25c6-4ecd-81eb-30d8603b747c,위하은,Male,74,1951-03-10,울산 동구 48로 43
e94bdaf3-6047-41bf-848f-d7f4a70ea40c,장시우,Female,64,1961-08-11,인천 부평구 65로 50
e2b7c3e7-0754-4c74-8a8b-0763e2555c7d,유민,Male,58,1967-01-14,서울 송파구 60길 31
e7962e0a-156d-44bf-b0d1-118d88f990f3,노윤지,Male,40,1985-10-11,인천 부평구 92길 64
9b7dd9fb-95ac-4518-ba1c-a2b0a0001bef,고민서,Female,22,2003-10-17,부산 수영구 85길 61
2dcf35ac-4f5b-4551-a34e-279d9d7630aa,정준우,Male,58,1967-11-05,인천 부평구 17길 57
eb572ecc-ad7f-4c4b-b350-269a5876ccdb,김지우,Male,15,2010-03-13,대전 유성구 92길 64
f6ab3f30-f294-4647-9111-857fbc88f91b,김지우,Female,66,1959-12-07,서울 송파구 62로 20
a33c9996-2e8a-4f5e-98c6-4732b320e98b,전서현,Male,36,1989-01-16,서울 관악구 19길 38
79ccf99c-a614-470a-a4a0-039fecb46644,윤도윤,Male,47,1978-02-16,울산 동구 48대로 93
5975c6ec-a6cb-4507-b393-5ac3f928ea96,장시우,Female,63,1962-09-25,서울 송파구 12길 26
090cfa2e-09c7-41c6-83f2-388c636f088f,한지민,Male,66,1959-01-26,서울 송파구 39로 18
4045c1b5-7453-4efc-ad13-a0b2e47f0a85,윤도윤,Female,30,1995-11-17,대전 유성구 93대로 46
a2242c55-4454-4685-b185-1f694e2621be,권지유,Male,82,1943-01-02,울산 동구 20대로 100
6b2f9c83-46a1-44c6-a9d7-996062a6e232,송연우,Male,64,1961-10-09,인천 부평구 3로 38
e4467684-c5c7-45ae-b6a0-9f97a162f79a,김서진,Female,37,1988-09-25,서울 송파구 64대로 42
300ee373-fcc0-4123-a5b1-53364fbb9769,박민준,Female,76,1949-12-10,서울 송파구 56길 50
d0b2260c-1134-478a-b55b-3bfd90736dae,장시우,Female,51,1974-11-10,부산 수영구 22길 11
b7230734-6c4f-4dfd-8d8e-77687916651f,정준우,Female,33,1992-03-27,울산 동구 47대로 85
91f44eab-692d-455b-839a-7595f996f066,장시우,Female,83,1942-09-16,인천 부평구 50대로 79
c7f1e546-dba3-4ec4-b729-ea9e7f99d24d,윤도윤,Male,16,2009-04-10,시흥 정왕동 73길 87
0ae05b2c-680d-402c-bfd1-3256cdd31de8,강서연,Female,71,1954-01-15,울산 동구 71로 55
414c9ae6-249e-4068-860f-82d7f409d951,송연우,Female,77,1948-02-20,대전 유성구 50대로 76
16205c22-ca3b-4522-a4f2-5b591abb4bfa,한지민,Male,65,1960-01-07,대전 유성구 49대로 7
2b3c4597-30f1-466c-bea3-9b03bfbda819,고민서,Male,66,1959-06-18,서울 송파구 11로 38
f358fedf-6c21-42a4-8f72-fb5dbe607770,김지우,Female,17,2008-10-26,대전 유성구 92로 98
30f6aa37-937a-43ea-846f-4d841fca1062,서지호,Female,59,1966-11-17,시흥 정왕동 91길 93
b516518f-ea6f-4aec-96fb-1df3ec9bab19,정준우,Female,59,1966-11-09,시흥 정왕동 85로 46
6892b38a-fb8a-4840-8d73-d9ffe9fc57ad,최서준,Female,67,1958-12-23,서울 관악구 59로 73
45d4efca-3f2a-45b0-82b0-92025f4f2f76,장시우,Male,77,1948-12-19,울산 동구 99대로 98
71c72342-cb7e-4f13-8269-dce4b2db40f4,서지호,Male,77,1948-05-21,부산 수영구 81길 91
3d7f101d-25cb-4345-ba97-76a981606f77,안지원,Male,55,1970-10-14,인천 부평구 89로 63
28343912-b7e1-4a85-b288-0a2ea457f1d2,지후,Female,29,1996-12-14,서울 송파구 81로 1
61ad2ed3-b5ca-4633-93c6-e51b6b54aef8,윤도윤,Female,29,1996-11-28,울산 동구 31로 23
8a01ddfc-9aee-42cf-afcc-ca0d49e77022,조주원,Female,66,1959-07-23,울산 동구 13대로 39
50ea4d14-3448-4bdd-866c-24055bc56969,신하윤,Female,42,1983-10-25,시흥 정왕동 100길 24
3f52146e-8bde-4c25-8415-eeece17cb6f1,임지안,Female,21,2004-05-20,부산 수영구 94길 78
343a50ff-8baf-45a4-bb58-591aadbd1b43,서지호,Female,10,2015-09-04,서울 송파구 41로 91
4ee7ff48-7e24-424d-a591-867b7861aa45,김예준,Female,11,2014-04-05,서울 송파구 76로 86
ff9f63bc-a4fb-4ef3-a795-1c8900ef8261,전서현,Male,67,1958-03-23,시흥 정왕동 47길 9
984e984d-121e-4754-8235-237e0f366262,유민,Male,29,1996-10-12,시흥 정왕동 38길 70
a413d65b-612c-4925-b0ae-997766235bff,위하은,Male,21,2004-01-27,서울 송파구 89로 69
561d8229-7c47-46a8-8329-95656b01e71b,이서윤,Female,32,1993-04-06,시흥 정왕동 74대로 96
be38c01d-e60a-431b-91e8-0670678c7ed9,정준우,Female,48,1977-11-14,서울 송파구 86로 74
665373a5-933d-4ed7-b02f-02150909a38c,정준우,Female,11,2014-10-11,서울 관악구 34대로 29
70f6615e-b4cf-4e7f-9e75-a7bc8834683a,지후,Male,39,1986-01-13,울산 동구 39로 87
688a3db0-1545-45be-8b51-6265bfbeff9b,김예준,Male,50,1975-12-03,서울 관악구 48길 77
6ea0691b-a0c1-48d5-93f2-874eafb0f165,신하윤,Male,40,1985-03-04,울산 동구 6대로 39
0731ea72-9678-44de-b49a-90df076c8afc,고민서,Female,64,1961-07-08,서울 송파구 52길 100
eaa00d1b-30ab-4e09-80bd-37c5fc687b31,고민서,Male,40,1985-09-15,서울 송파구 48대로 31
732f2bb4-ad55-4bb5-91a5-16ec08312578,고민서,Male,78,1947-10-24,서울 송파구 27길 25
c345708f-3f2b-41a0-84f3-40fa966d907f,임지안,Female,21,2004-02-11,서울 송파구 73로 6
fe7d71a4-82f9-4319-8fb4-dfb3819e138c,임지안,Male,43,1982-06-05,서울 송파구 95대로 81
5cdab38e-1e91-4154-8ed9-cca76e580d44,권지유,Male,27,1998-11-18,대전 유성구 24로 15
063d441b-6cb0-47a2-af15-54f27574eec6,전서현,Male,23,2002-03-24,대전 유성구 95길 8
2a48f43d-525e-4f25-bfbe-dcdf4d3c9cf1,강서연,Female,76,1949-05-25,서울 관악구 95길 66
4f433adb-6240-4a5e-9552-db3e25a87a5c,이서윤,Female,40,1985-02-27,인천 부평구 48길 84
354c3c99-07bd-4243-92c2-be9abaa4b96a,위하은,Female,60,1965-02-01,서울 관악구 44길 73
4b5b539c-9593-489b-b359-dc787f03e054,노윤지,Male,36,1989-02-06,부산 수영구 74로 96
111ab356-b41f-486c-8c74-06cdef90834b,정준우,Male,39,1986-08-27,서울 관악구 8로 48
9b4bf75f-77bf-416b-9962-79d6edc6b16a,김서진,Female,79,1946-10-20,시흥 정왕동 52로 92
7139b3b9-b20a-4234-b9df-a4553d3d85b1,임지안,Female,74,1951-07-24,서울 송파구 92길 94
0efa7ab0-d7e3-4e32-9823-4699b9f5bc74,한지민,Male,81,1944-08-26,울산 동구 33대로 73
4cc85032-35bf-4244-b9f4-559ec307a61d,장시우,Male,81,1944-10-17,인천 부평구 42로 36
428ba2d2-3327-4c42-b1d6-915f71160b2f,이서윤,Female,45,1980-07-16,서울 관악구 71대로 89
82468915-a72d-4977-a99e-ca7f49e243e6,위하은,Male,49,1976-10-13,인천 부평구 100길 73
e187daaa-2d83-4fc2-a6d8-af6296eef5b5,강서연,Female,33,1992-09-21,서울 송파구 34대로 54
887a12f6-5bef-4e39-bc84-54c406d9ce57,최서준,Male,71,1954-08-27,인천 부평구 20로 91
5a3aeb54-3138-4fba-8fd0-84cd25267339,김지우,Female,51,1974-06-15,시흥 정왕동 75로 19
f4d16674-2e49-467e-a76a-646d3f9ec75e,전서현,Male,20,2005-04-03,서울 송파구 81대로 13
7578aa7d-c020-4d1c-b54b-93dafa210b30,유민,Female,47,1978-08-10,울산 동구 31로 82
b9341d95-e78e-418b-9139-82ddf0c569ff,유민,Male,81,1944-04-11,서울 관악구 69대로 27
1a47078a-a5ee-46de-bd1f-3ea3f86d2f5f,윤도윤,Male,39,1986-09-04,대전 유성구 95길 7
c0109c72-e221-4165-aa34-6e6017cbed5c,강서연,Male,29,1996-11-13,대전 유성구 64대로 92
7d27eea2-d51f-4b45-b4b8-c72ee7b2b1cb,권지유,Male,11,2014-04-09,서울 송파구 61대로 57
5dffed4e-60a4-48c1-a895-904005efb7e9,안지원,Male,43,1982-11-04,부산 수영구 9길 50
cc5d7a64-5f36-4dc9-b5c1-e356e8a62780,위하은,Female,30,1995-11-22,부산 수영구 15로 18
210fa3b7-d0a9-4712-935c-e271671f68bc,지후,Male,22,2003-03-06,서울 관악구 18로 6
a3588efa-f069-4345-b946-aa16fa6b6905,최서준,Male,73,1952-12-07,부산 수영구 77대로 11
493d7f92-5ee7-43a8-8b3c-c8412cbf38ed,유민,Female,58,1967-09-03,부산 수영구 76대로 97
b8aaa3ef-82ae-4340-87fc-b9a408c3cf7b,서지호,Female,28,1997-06-10,인천 부평구 36대로 63
0b54c9ec-efae-4bfb-9dc5-c716c483ccc2,신하윤,Female,28,1997-10-17,시흥 정왕동 35로 34
80319606-ee12-464d-84b8-8d77591f6801,유민,Female,60,1965-01-24,시흥 정왕동 79대로 13
8d1408e0-2aa0-4cc8-b981-36456c75eea9,유하준,Female,72,1953-06-04,대전 유성구 80로 2
6fa7fc44-5152-434a-a9a8-1e56f85a8761,전서현,Male,64,1961-04-14,대전 유성구 18로 60
4f02b05c-82cf-4c7e-a66e-63c1607c3878,송연우,Female,43,1982-07-10,시흥 정왕동 48길 61
16c992be-7485-4031-90ff-f724ed53b71e,위하은,Male,66,1959-10-11,시흥 정왕동 47대로 85
e0175ca1-17ea-46e6-80e3-6dcd5f955ef6,김서진,Female,13,2012-05-10,서울 관악구 60길 82
06574407-f01b-45d5-8b93-a8a7d9aadc08,서지호,Female,25,2000-09-25,서울 송파구 97대로 79
9694e4e6-95a3-44d6-b529-9ccb2cfb9eff,강서연,Male,69,1956-08-12,울산 동구 91길 45
d037059f-3518-417d-8210-18d2590ca7db,임지안,Female,10,2015-08-18,울산 동구 59길 79
2ec58fd4-4183-447c-bf10-f8b682624d2e,신하윤,Female,81,1944-11-13,서울 송파구 32대로 54
59ddf772-bb1e-4173-8bda-b334b7c6ed2a,이서윤,Female,80,1945-07-04,부산 수영구 28로 65
9b743264-b2bd-4e4b-add3-6cecb17c9b66,전서현,Female,20,2005-09-15,서울 송파구 43대로 69
d189e914-7b83-4cca-845d-30a6f0c83374,안지원,Female,18,2007-03-01,서울 송파구 2길 31
9bf4a1bf-2bb0-4837-806d-f8c955439cce,전서현,Female,69,1956-02-27,서울 송파구 28대로 36
a7f1b010-e6cd-45de-855e-4585bd5ac07f,유하준,Male,24,2001-06-12,대전 유성구 58로 2
02f3aca3-1eaf-4a67-ae30-4fa84f11cbec,장시우,Female,27,1998-11-20,대전 유성구 16대로 98
23a10bdc-be5b-4b00-bc32-aff17a772385,지후,Male,25,2000-12-14,서울 관악구 51길 57
43737545-3c78-4029-90aa-2db26cf2d50c,안지원,Female,62,1963-05-15,대전 유성구 76대로 1
c29b7fcf-86a2-4e6c-89d8-c5386c78291e,권지유,Male,84,1941-06-28,서울 송파구 67로 44
8a37a7f0-824a-4450-be53-166ea4a62178,권지유,Male,42,1983-03-27,대전 유성구 32대로 35
8b1af734-145f-4f93-985a-c1f4c256d2fe,송연우,Female,25,2000-05-22,부산 수영구 66대로 42
f9ed21f7-e237-4321-9cbc-10153e751cf3,장시우,Female,77,1948-02-22,대전 유성구 8길 46
710f86d6-c3f6-4c7f-a168-ce201d753b97,최서준,Male,37,1988-11-18,부산 수영구 99로 23
800baa18-7492-44e9-b39d-f2eea141eb47,권지유,Male,28,1997-01-04,서울 송파구 15대로 23
453b99fb-b579-47a6-bc42-749f641878d7,임지안,Male,24,2001-07-28,울산 동구 81길 73
ccb017a1-5a29-453a-97e6-ca168c40aa7b,송연우,Male,38,1987-01-12,울산 동구 55로 75
145a205e-5775-4c3d-92b1-4a5a4add401b,서지호,Female,30,1995-10-22,서울 송파구 97대로 17
98222b9a-87a6-4e47-93d4-8411cf10d6fb,임지안,Female,27,1998-11-27,서울 관악구 89대로 72
5d79371f-1cc1-4447-b1b6-b11d7e2e1000,박민준,Female,17,2008-04-21,부산 수영구 45대로 68
d981bdd9-033d-49b4-bc36-757fba8f3782,유하준,Female,27,1998-04-09,서울 송파구 90로 55
d755f136-9ac2-4d50-a1ca-fd29352888f1,강서연,Male,34,1991-06-08,시흥 정왕동 89로 54
47b9aebf-f4ca-4b7f-8753-303cd040a357,박민준,Male,81,1944-04-03,서울 송파구 35대로 18
39e6617d-b9e6-444c-90f0-8960b7c66d3b,유하준,Male,19,2006-04-22,부산 수영구 96로 41
86b8b971-a1f8-4f7e-b349-24e4fdf49acb,박민준,Male,74,1951-12-08,시흥 정왕동 41길 55
d4641d90-9f4f-4722-9275-66910274f6e6,조주원,Male,81,1944-02-14,부산 수영구 49로 19
1a08e0b9-2b1a-4fb5-b8ab-22ae436f0336,조주원,Male,33,1992-10-14,울산 동구 29대로 57
c0a8b54c-6593-4557-89c7-175ac6c44b35,전서현,Female,13,2012-04-09,시흥 정왕동 58대로 9
2e814072-7e4b-4e31-b950-e88a378728bf,박민준,Female,28,1997-04-19,시흥 정왕동 72로 7
727ad327-603a-4239-ab40-f43300f08839,안지원,Male,15,2010-06-10,서울 관악구 35로 34
9a32d5da-f0e7-41d2-a670-337b388f1ece,조주원,Female,9,2016-11-12,인천 부평구 51로 97
b29bb24a-9ff1-4368-bc2f-c97336986b72,위하은,Female,29,1996-09-20,서울 송파구 29길 55
1cd024ee-92f0-4429-91d0-ce71ac6da982,고민서,Female,51,1974-11-04,대전 유성구 23로 41
0475c860-6229-42b2-9768-21e7ac70be80,전서현,Female,15,2010-02-25,서울 송파구 97대로 93
2f6edb3c-a7e8-46b0-8a4e-c05b1e9d9e9c,김서진,Male,20,2005-09-19,울산 동구 5대로 74
3c1710fd-837c-4316-921e-58666d8b84b2,안지원,Female,64,1961-08-06,울산 동구 61길 10
74098a9a-fffd-441d-87ed-cb332ba0437b,김예준,Male,17,2008-10-06,서울 송파구 42대로 79
0208624d-935c-44d9-913c-53cd4105b229,김예준,Female,79,1946-10-06,부산 수영구 5길 34
376b3fe2-f8b7-415d-ae7c-67b852ef53f5,박민준,Male,63,1962-08-06,인천 부평구 23대로 17
dd74f5e4-76a5-450d-b19c-861af9157d6e,조주원,Female,12,2013-11-13,부산 수영구 88길 92
1aa0c683-5431-4de3-a4c6-e75d55472747,송연우,Male,50,1975-02-20,서울 관악구 22길 69
aba63bdf-4291-4468-b17b-99c343f9e50f,유민,Female,24,2001-12-26,울산 동구 87로 23
5a1b021e-6d7a-4027-928b-84095b3cfce8,정준우,Male,19,2006-01-02,대전 유성구 20길 63
57688cca-b99a-435b-bc85-af0de19df8a5,지후,Male,59,1966-12-05,인천 부평구 55길 94
a19a0e2c-9879-4378-b367-0bc89355530b,정준우,Female,66,1959-01-21,시흥 정왕동 72대로 7
cc56fb73-96cc-4086-8974-2e9a39af1e0c,장시우,Female,19,2006-06-09,대전 유성구 69대로 69
27513e99-c82a-466b-ba74-221ef08de8ad,노윤지,Female,62,1963-06-06,서울 관악구 19길 94
9721184e-99fa-4e23-b583-df86d068e95d,권지유,Male,13,2012-06-13,서울 송파구 11로 29
1b2422cd-eeaa-47d0-ac49-1f6895bf09ad,임지안,Male,44,1981-11-02,서울 송파구 45대로 27
afbf655e-43f7-459b-b8de-71d9a77821eb,최서준,Female,34,1991-05-13,부산 수영구 54길 94
5da54995-dc59-4f5e-a8a3-15a3baf508f0,전서현,Male,76,1949-06-28,부산 수영구 34대로 10
aad8d8f2-d4a5-4dc8-a11f-01fc5b210981,박민준,Female,34,1991-06-04,서울 송파구 12로 96
e35b9232-bcfe-41ae-ad78-62e5f58fd882,박민준,Male,72,1953-03-16,시흥 정왕동 97로 62
9835be2e-3179-41e5-b078-d13b213d830b,김지우,Female,50,1975-02-21,서울 송파구 99길 75
b567b3ed-6a15-42e2-8172-7e65874ee632,박민준,Male,65,1960-08-11,울산 동구 48로 94
e49534d4-5a48-4b0c-baf0-97b189182445,윤도윤,Male,69,1956-04-09,부산 수영구 5길 85
c6be7b39-fc05-48d1-aa52-d8b6a2ba0930,정준우,Female,66,1959-12-27,울산 동구 92로 42
2c9c981e-b9f6-4e5c-9fda-cc98c5637f2f,임지안,Male,79,1946-12-20,서울 관악구 100로 53
3e0c9bf9-1fd6-4d53-a8a6-200ede15fb33,송연우,Female,61,1964-01-07,부산 수영구 78로 1
872c7d83-6ceb-4857-9c7d-a169d595086a,조주원,Female,16,2009-09-14,서울 관악구 37로 37
1ed715e6-2526-4dc0-a15e-a8302d7139ac,조주원,Male,30,1995-03-18,울산 동구 58로 90
bff87a56-45fd-4413-a7b1-b60aaf58664f,송연우,Female,59,1966-03-05,인천 부평구 47길 4
d5231fc9-d311-4c49-b38b-255555cdff4e,김지우,Female,56,1969-05-06,울산 동구 22로 68
00194a06-8fb6-4d91-b744-77a7dcb83474,신하윤,Male,62,1963-04-23,울산 동구 24길 69
61da4f3b-b5eb-45ed-9ea7-ad824bc47341,김예준,Female,34,1991-06-04,부산 수영구 62로 23
385f7055-1684-48f2-a4f0-c4df0708e378,지후,Female,14,2011-01-15,울산 동구 1길 92
4d1aba22-cf8c-4034-880a-854e69a9e7ef,김예준,Male,27,1998-03-21,서울 송파구 3대로 42
45de8d70-ad47-4d2e-9e81-d6e5585c8ff7,안지원,Female,37,1988-11-26,대전 유성구 32로 97
6d98c517-3ae0-4594-98f5-43a9165a16e5,박민준,Female,51,1974-08-18,서울 송파구 40대로 30
dda6f496-a615-46ab-b4bb-cf47c89d47cf,서지호,Male,63,1962-02-26,서울 송파구 74길 14
fb2c67f4-ad6a-44aa-b1c1-275fc217da8c,김서진,Female,80,1945-05-01,서울 관악구 92로 4
adbac57d-1cae-4aae-9bbd-88854f98220e,송연우,Female,74,1951-11-14,서울 송파구 51대로 27
e1c73f1a-99fa-4c5d-b5d7-5873a45c132c,노윤지,Male,83,1942-04-04,부산 수영구 21길 68
793dd1a5-d4c5-4e8e-ac04-53777b28134b,정준우,Male,65,1960-01-28,인천 부평구 33대로 82
8b04a7b5-88da-4cd6-98b6-8c71ba24f0f4,지후,Female,27,1998-12-04,서울 관악구 52길 76
44e9b386-9f54-417c-89fe-412181e0f686,박민준,Male,23,2002-07-14,울산 동구 47대로 87
8f07820a-3498-4c49-a48a-f6fc3b13b6f9,권지유,Male,46,1979-06-24,서울 관악구 92로 22
5e6a9b29-5837-4cc8-97d9-7ec7a1d6c6a3,전서현,Male,18,2007-03-11,부산 수영구 61길 60
ac413673-2ff5-48e6-9f0c-5aee80904f7d,정준우,Male,52,1973-10-03,서울 관악구 40대로 93
a46d2ec3-aa83-45a1-8ff0-f78fbe8d0a6f,한지민,Female,64,1961-04-01,서울 송파구 58로 55
c0e8b23a-c4be-4817-aa6b-e9da9ea8a033,정준우,Male,34,1991-07-19,시흥 정왕동 96대로 47
201b5503-99f0-44a4-896c-0a2f23e44824,한지민,Female,47,1978-05-08,서울 관악구 76대로 39
d9967ab0-f605-4739-b234-b254c5b72e29,한지민,Male,70,1955-04-24,울산 동구 48로 90
8e529cb5-3d54-44b9-8af1-6f7a7be48377,지후,Male,45,1980-03-07,서울 송파구 58대로 91
a237ad5e-b1dd-439c-a277-92280e180f86,조주원,Male,83,1942-10-26,인천 부평구 11길 27
c13d6d3d-2894-469e-a46e-61ce65e30fc3,송연우,Female,12,2013-12-27,인천 부평구 86길 45
16623d24-4274-43af-a580-0ecbbeadfaa0,김서진,Male,12,2013-12-19,부산 수영구 100길 20
18021af5-cd57-4219-8b25-e8e6698a90f1,장시우,Female,18,2007-07-02,서울 관악구 88로 24
2d795d04-73fd-41bc-b306-91b857d72927,서지호,Male,69,1956-04-17,서울 관악구 45대로 38
312af686-18c8-4ba7-a92c-9af333f7d374,신하윤,Male,52,1973-08-21,대전 유성구 43로 48
4704f253-3e49-4bc5-b871-f47df2f8f233,지후,Male,10,2015-08-11,서울 송파구 54로 33
b55a915b-ad50-47f1-9ac1-f104fa248044,위하은,Male,58,1967-07-02,서울 관악구 63대로 48
5b3b2670-8064-431f-af07-bde9e5ec5f1a,김서진,Male,83,1942-01-26,서울 송파구 91길 89
b4725801-65b0-4f8c-ab88-51abf21fc412,임지안,Male,62,1963-09-06,울산 동구 40로 44
88cfb06c-ef25-4c9a-80a7-b2bd3035536c,송연우,Female,69,1956-02-03,서울 송파구 20로 13
c26e77b6-3eb4-42da-b111-9d4614feb262,윤도윤,Male,56,1969-09-08,대전 유성구 73길 66
515843f9-6b36-4dd0-992a-47d5da536c9f,유하준,Female,33,1992-04-12,부산 수영구 7길 3
b6b011da-5c50-4350-a940-583ea5757bbc,박민준,Male,54,1971-02-17,서울 송파구 88대로 66
51518ea3-cd07-408c-b3d9-41b9693748a8,위하은,Male,30,1995-01-22,울산 동구 45대로 41
9faef069-6293-47b6-b462-14d52d7e17e7,장시우,Female,67,1958-11-22,대전 유성구 55길 65
984aa89a-de55-4ad4-a56e-c4027f30d977,유하준,Male,50,1975-09-11,서울 송파구 73대로 51
02ffee9c-8b4b-4784-b6f9-e8563ebf82e4,박민준,Male,17,2008-05-17,서울 송파구 87길 58
34026086-2697-4704-8553-094a9fcdb60e,유하준,Male,71,1954-12-25,울산 동구 39길 92
03859b0f-5dfa-4745-a376-0ed9b677076a,전서현,Male,10,2015-04-14,인천 부평구 1대로 63
1d554ffe-2f97-4940-a130-51382afba24e,정준우,Male,13,2012-08-21,인천 부평구 73길 81
136cb9b8-86e0-471a-8f51-64c9faf92103,노윤지,Male,30,1995-04-03,인천 부평구 58길 95
98204eb1-55ac-4b49-8050-d87af4bbbd2f,지후,Male,85,1940-06-11,대전 유성구 77대로 65
