id,name,gender,age,birthday,address
3f2b91c3-6f81-44b4-a506-c7f8844b5395,고민서,male,17,2008-12-20,인천 부평구 75길 100
873aadb9-fc99-40e9-914e-6d0e60544d73,지후,Female,15,2010-02-02,부산 수영구 11길 2
d62713dc-f7aa-4ff3-b234-309932cee5eb,김서진,Female,66,1959-03-06,서울 관악구 49로 43
b5aee549-a1c8-48a0-b297-a76e81a8306d,장시우,male,75,1950-12-09,대전 유성구 59길 26
d0b504aa-7396-4fd6-8b2e-cc369449b4cf,윤도윤,Female,61,1964-12-24,서울 송파구 54대로 4
3a89a111-a58a-4b42-a413-a3b893fefed3,유민,male,39,1986-10-28,서울 송파구 91대로 47
678a74b2-ed3a-417f-895a-b3fbb2165d8a,이서윤,male,5,2020-11-24,인천 부평구 67로 60
85db1ea5-791e-4c8c-9522-d69fffd9ba3a,김서진,Female,62,1963-04-22,부산 수영구 54로 79
4f6b423d-22b3-4160-8c6f-c1c3ab2bd0e9,조주원,Female,13,2012-06-21,서울 관악구 51로 15
900c6421-d7eb-4fbd-a104-d580ff2cd63b,임지안,male,84,1941-04-13,서울 송파구 31대로 25
0302fe45-27e3-4e30-8c15-0e676fec98f2,지후,male,85,1940-08-05,서울 송파구 80로 94
affa1a28-a7af-4415-a248-8be3592bbb2e,노윤지,Female,2,2023-12-11,서울 송파구 96길 19
bc20809b-a6fe-4c64-9575-a9c46a8831ac,안지원,male,6,2019-11-06,울산 동구 2로 27
50fea56e-dd11-4daa-a0dd-76be98037de1,신하윤,Female,72,1953-02-10,대전 유성구 90로 28
fdfb38e4-cb1b-4cfe-91de-c2f64d42c423,이서윤,male,33,1992-11-12,인천 부평구 42로 71
8e97522e-2236-4674-916c-d69b5684dea5,노윤지,Female,81,1944-03-27,울산 동구 45로 3
97a1f86b-2af6-4e78-ab41-1407905954b8,한지민,male,51,1974-03-25,울산 동구 37대로 63
8abc78d6-3465-402b-92b4-3fab71df11e9,김지우,Female,83,1942-12-18,인천 부평구 17길 60
4db47e7f-d88e-429f-bde1-66f08ca37e7f,안지원,male,55,1970-07-12,시흥 정왕동 5길 16
7eaba4ba-1bcf-4636-a892-04cd2b9af6a3,서지호,male,29,1996-05-18,서울 송파구 46길 61
7b075445-3970-4060-8f7c-4123b6537159,조주원,Female,34,1991-04-13,대전 유성구 53대로 40
b9c25b5c-dd62-4090-b5b5-557811de19eb,유민,male,31,1994-12-21,서울 관악구 3로 46
875d90ec-5297-44d5-b16e-1f9421adc200,이서윤,Female,83,1942-08-15,서울 송파구 56대로 95
dba355f7-90dd-40ec-bff2-0af693940072,강서연,Female,76,1949-05-20,시흥 정왕동 29로 9
43aacc66-3923-4e3a-a567-e2ea639f1d05,고민서,male,34,1991-08-14,서울 송파구 85로 8
57f31118-32de-4d30-88a2-5a4d271f8b8b,김지우,male,4,2021-02-20,시흥 정왕동 60로 36
582a3f2f-a708-4b8e-b731-f3d4d818a911,유하준,Female,58,1967-11-28,시흥 정왕동 4대로 62
0ec8a19d-9105-4501-8593-dd7c71f45b28,위하은,Female,73,1952-08-25,서울 송파구 34길 98
2e90774a-5349-4340-8cfa-852b31413c3a,최서준,Female,60,1965-05-27,서울 송파구 74로 9
54d5d59a-e53c-4141-8ab6-a24ef0c84505,장시우,male,39,1986-03-26,서울 송파구 90로 47
1bc81df8-8339-4c72-a1ae-cb47bbca1bed,서지호,Female,70,1955-05-09,울산 동구 6길 79
759102e0-3c50-4477-9b36-5632bb4d6758,이서윤,male,72,1953-10-15,대전 유성구 41대로 48
dd8d5189-db45-4dfe-aa78-405ed6781e4d,이서윤,male,80,1945-02-13,서울 송파구 97로 53
a5701ed4-eb66-4fe0-a454-a7ff4337b496,조주원,Female,33,1992-02-14,시흥 정왕동 49대로 48
b8f0cd1a-1738-4003-9acb-af6750f3d5cd,김서진,male,47,1978-05-22,울산 동구 60길 26
bd466352-dc37-44fb-8362-26ad362d9e67,임지안,male,54,1971-10-05,부산 수영구 15대로 29
dc915f72-c6ad-4725-800c-ba8bc9145779,김지우,Female,17,2008-12-25,서울 송파구 75로 81
bd6aff2d-8c37-4687-adbb-76559638bb1b,서지호,Female,22,2003-05-03,부산 수영구 26길 90
68d67a42-08a1-4559-a28d-32fce88d25a6,김예준,Female,61,1964-02-22,시흥 정왕동 100로 18
ad6cce7c-af34-4fa6-b5e4-289e0d4e6b7d,신하윤,Female,18,2007-01-23,서울 송파구 32대로 60
83c6f67b-b46f-4cf1-9e3a-693dd1523d94,지후,male,70,1955-12-21,시흥 정왕동 4길 26
24a99ef2-9e21-4364-a5f5-c452b1774320,권지유,male,42,1983-06-12,서울 관악구 92길 26
bf2cd195-9e78-4e46-a36f-fb8e032e9b76,정준우,male,54,1971-11-08,인천 부평구 86로 17
0b849293-27c7-44cb-809d-b1cafef4272e,지후,Female,12,2013-08-20,울산 동구 81대로 14
3498bbbd-e3fc-4642-ac4a-7f5726935723,김예준,male,79,1946-04-26,인천 부평구 92대로 8
476867d9-785d-47a5-ab6c-d955660198e0,지후,Female,27,1998-01-15,부산 수영구 76로 59
ba0a5201-addd-4ba3-a19d-74f0153c0b86,노윤지,male,26,1999-10-25,인천 부평구 83로 19
eb452085-6f2a-43ea-a1f1-fa8155cd1894,안지원,male,9,2016-10-13,서울 송파구 84길 5
4d2cc8a2-75b2-433d-9f92-692c3189f276,고민서,male,67,1958-03-04,대전 유성구 10로 96
b38f35ff-2fda-4f96-8c7e-127d3ae50ee9,김서진,Female,54,1971-12-15,서울 송파구 12대로 79
30a9504d-5ec5-4495-b2a3-aa5a56bac4cf,권지유,male,57,1968-10-07,울산 동구 83길 53
34540391-5038-4259-8c5f-b455b96128e8,송연우,Female,78,1947-02-24,울산 동구 67길 25
0a119343-c747-4807-ab6f-8a73a759c51d,강서연,Female,76,1949-02-15,서울 송파구 45로 3
c4bd5c18-727b-4f8a-95c1-dbf6d172c308,윤도윤,male,75,1950-04-15,서울 송파구 43대로 72
272fe2e2-1a86-41af-9a57-13efcbce5337,최서준,male,44,1981-11-21,서울 송파구 85대로 21
ff8e7eb7-c2db-4b4c-8641-c6b28c92616a,김지우,Female,42,1983-05-21,부산 수영구 72로 45
4541f3ea-9e08-4d98-8950-3b29f95e3e28,권지유,Female,39,1986-07-06,인천 부평구 97길 9
2bbd06dc-c407-41a6-920d-775c7ce2e057,서지호,male,68,1957-04-14,서울 송파구 29길 27
e7256bfa-76a3-4fcc-8780-02cb83a58c0e,서지호,male,33,1992-11-27,서울 관악구 55대로 99
c7a5dbb3-c081-4dd6-8766-ff357e793044,정준우,male,9,2016-11-04,인천 부평구 18대로 74
a874fc04-a524-4932-bfbc-78296b286f90,노윤지,Female,72,1953-08-20,부산 수영구 48길 37
6992f7a8-0da3-418e-bf65-4f9e4c2ceb83,이서윤,Female,64,1961-11-21,서울 관악구 3대로 31
0e812752-0a33-48d1-b69a-936ecdf68bb9,강서연,Female,78,1947-12-17,시흥 정왕동 85대로 31
2d91e248-210d-4422-b520-70daee61f798,지후,Female,6,2019-02-07,서울 송파구 58대로 40
8583aa5b-046f-485b-8c66-5e1017fb3757,송연우,Female,23,2002-06-26,대전 유성구 87로 72
c1e6bb97-4676-4c23-a409-0beb9e68ede5,고민서,male,51,1974-09-13,서울 송파구 49로 64
8c421baf-ef72-4459-8ea0-743fccc72c2e,장시우,male,78,1947-07-17,울산 동구 67로 55
b5be29eb-fc96-482a-8de5-a48b45a3ecbe,유민,male,16,2009-03-22,울산 동구 10로 19
38e76254-aa77-4265-8455-a345a21f9895,유하준,Female,9,2016-07-27,대전 유성구 92길 30
6df1dcd8-6207-4c01-856e-0804aa610938,지후,male,21,2004-02-27,울산 동구 94대로 74
e09cc133-6404-4e0c-8f2d-2196eb8dfcd1,김지우,male,5,2020-03-27,인천 부평구 84로 69
7ef5923c-611f-42c3-8443-4b9b181aee16,임지안,Female,55,1970-12-07,부산 수영구 24로 58
bf52f77e-5c3c-4d0c-ad04-b9615d892df7,송연우,male,73,1952-10-12,시흥 정왕동 12대로 55
df46523d-d4f1-4440-b2be-06657ab4744f,최서준,Female,54,1971-08-16,부산 수영구 55대로 74
509eaf6f-6d56-4ad3-9eb7-274128b5eb5f,정준우,male,15,2010-10-06,울산 동구 32대로 91
ca73795e-167a-45a2-a0b8-3064518d01e8,권지유,Female,37,1988-06-06,서울 관악구 62길 12
0f7fcb6d-e741-46d7-9954-42774f9652fe,최서준,Female,21,2004-11-05,서울 송파구 2로 92
ecc20afd-9855-412d-8dd3-4627d93760da,신하윤,male,7,2018-04-25,대전 유성구 83로 80
5dee3cf3-8e47-4aa8-bb62-bf8c5b7466c4,송연우,Female,16,2009-04-27,인천 부평구 69로 23
fe3fa8c7-be1b-4805-8a10-38647e9e6a59,임지안,Female,66,1959-11-01,인천 부평구 98길 69
71e0640d-3c1c-4dc8-847f-ec182ba94f1d,서지호,male,9,2016-10-08,시흥 정왕동 58대로 29
bba46a1e-cc71-4c13-94f7-5ffa2ab3aa75,고민서,male,10,2015-01-15,울산 동구 52대로 9
583b06d2-8257-4d3a-b7b0-7fc71cda5340,박민준,male,41,1984-06-25,울산 동구 70대로 23
5ce80847-cc9f-48ec-9971-227cb029e211,최서준,male,20,2005-07-13,울산 동구 33대로 7
5184311e-c356-4c77-8358-970255072870,윤도윤,Female,11,2014-04-13,시흥 정왕동 81로 75
49068cf1-ed24-48f8-bfc9-82a613e254fe,서지호,Female,45,1980-10-27,서울 송파구 71대로 74
64d2758a-8851-435c-814e-4dae7f86be0a,한지민,male,6,2019-10-16,서울 송파구 31길 29
f88fbda3-19d6-475a-9636-61d7fda1ad84,이서윤,male,16,2009-02-08,인천 부평구 55길 55
b037bd4a-d311-4e69-a804-55233db7547d,유하준,Female,45,1980-12-03,대전 유성구 4길 48
4647ec1a-080f-4b5f-8c58-0bc758ac962d,임지안,Female,79,1946-03-28,시흥 정왕동 15대로 21
9675ac22-6992-44c8-ac0a-c7215f7138ea,유민,male,7,2018-12-27,대전 유성구 60길 62
f4c0183f-2488-4925-bede-949195ff6eae,김예준,male,78,1947-05-17,부산 수영구 10길 45
8036e286-4630-45fd-88df-2e4056f1b2ab,신하윤,Female,68,1957-06-14,인천 부평구 56로 64
7d29a6b4-1118-4b18-8186-a370b9335dd6,조주원,Female,16,2009-05-12,인천 부평구 39대로 74
2de8ecf6-4fa8-4e19-8272-40f7688e1b7e,고민서,Female,54,1971-02-23,울산 동구 31길 54
77906ce5-88dc-43fe-bcd6-3f4283735aa7,지후,male,69,1956-11-10,서울 관악구 69길 21
d84dbc77-3da4-4729-a4d1-17c5bc93fff9,전서현,male,56,1969-11-07,서울 관악구 68로 77
79acb5f1-8988-4ab7-b6a0-ee43342981c9,유하준,male,41,1984-12-10,시흥 정왕동 45로 51
3edc980d-c561-4790-bec5-2d27350ec83b,권지유,Female,36,1989-09-14,인천 부평구 86대로 2
7a85cb82-9450-457b-9c27-080ae0a1242b,조주원,Female,77,1948-07-18,시흥 정왕동 93길 45
